2026-07-19T06:41:22Z	Python [82384]: 64-bit    Footprint: 51 GB (16384 bytes per page)
2026-07-19T06:41:53Z	Python [82384]: 64-bit    Footprint: 42 GB (16384 bytes per page)
2026-07-19T06:42:23Z	Python [82384]: 64-bit    Footprint: 48 GB (16384 bytes per page)
2026-07-19T06:42:53Z	Python [82384]: 64-bit    Footprint: 23 GB (16384 bytes per page)
2026-07-19T06:43:24Z	Python [82384]: 64-bit    Footprint: 30 GB (16384 bytes per page)
2026-07-19T06:43:54Z	Python [82384]: 64-bit    Footprint: 41 GB (16384 bytes per page)
2026-07-19T06:44:24Z	Python [82384]: 64-bit    Footprint: 44 GB (16384 bytes per page)
2026-07-19T06:44:54Z	Python [82384]: 64-bit    Footprint: 39 GB (16384 bytes per page)
2026-07-19T06:45:24Z	Python [82384]: 64-bit    Footprint: 54 GB (16384 bytes per page)
2026-07-19T06:45:55Z	Python [82384]: 64-bit    Footprint: 41 GB (16384 bytes per page)
2026-07-19T06:46:30Z	Python [82384]: 64-bit    Footprint: 64 GB (16384 bytes per page)
2026-07-19T06:47:00Z	Python [82384]: 64-bit    Footprint: 51 GB (16384 bytes per page)
2026-07-19T06:47:30Z	Python [82384]: 64-bit    Footprint: 43 GB (16384 bytes per page)
2026-07-19T06:48:01Z	Python [82384]: 64-bit    Footprint: 51 GB (16384 bytes per page)
2026-07-19T06:48:31Z	Python [82384]: 64-bit    Footprint: 37 GB (16384 bytes per page)
2026-07-19T06:49:02Z	Python [82384]: 64-bit    Footprint: 57 GB (16384 bytes per page)
2026-07-19T06:49:32Z	Python [82384]: 64-bit    Footprint: 40 GB (16384 bytes per page)
2026-07-19T06:50:06Z	Python [82384]: 64-bit    Footprint: 91 GB (16384 bytes per page)
2026-07-19T06:50:37Z	Python [82384]: 64-bit    Footprint: 80 GB (16384 bytes per page)
2026-07-19T06:51:08Z	Python [82384]: 64-bit    Footprint: 70 GB (16384 bytes per page)
2026-07-19T06:51:38Z	Python [82384]: 64-bit    Footprint: 62 GB (16384 bytes per page)
2026-07-19T06:52:08Z	Python [82384]: 64-bit    Footprint: 53 GB (16384 bytes per page)
2026-07-19T06:52:38Z	Python [82384]: 64-bit    Footprint: 24 GB (16384 bytes per page)
2026-07-19T06:53:08Z	Python [82384]: 64-bit    Footprint: 61 GB (16384 bytes per page)
2026-07-19T06:53:39Z	Python [82384]: 64-bit    Footprint: 50 GB (16384 bytes per page)
2026-07-19T06:54:09Z	Python [82384]: 64-bit    Footprint: 27 GB (16384 bytes per page)
2026-07-19T06:54:39Z	Python [82384]: 64-bit    Footprint: 26 GB (16384 bytes per page)
2026-07-19T06:55:10Z	Python [82384]: 64-bit    Footprint: 23 GB (16384 bytes per page)
2026-07-19T06:55:40Z	Python [82384]: 64-bit    Footprint: 64 GB (16384 bytes per page)
2026-07-19T06:56:12Z	Python [82384]: 64-bit    Footprint: 55 GB (16384 bytes per page)
2026-07-19T06:56:43Z	Python [82384]: 64-bit    Footprint: 44 GB (16384 bytes per page)
2026-07-19T06:57:13Z	Python [82384]: 64-bit    Footprint: 35 GB (16384 bytes per page)
2026-07-19T06:57:44Z	Python [82384]: 64-bit    Footprint: 27 GB (16384 bytes per page)
2026-07-19T06:58:15Z	Python [82384]: 64-bit    Footprint: 41 GB (16384 bytes per page)
2026-07-19T06:58:46Z	Python [82384]: 64-bit    Footprint: 25 GB (16384 bytes per page)
2026-07-19T06:59:17Z	Python [82384]: 64-bit    Footprint: 20 GB (16384 bytes per page)
2026-07-19T06:59:47Z	Python [82384]: 64-bit    Footprint: 47 GB (16384 bytes per page)
2026-07-19T07:00:18Z	Python [82384]: 64-bit    Footprint: 32 GB (16384 bytes per page)
2026-07-19T07:00:48Z	Python [82384]: 64-bit    Footprint: 24 GB (16384 bytes per page)
2026-07-19T07:01:19Z	Python [82384]: 64-bit    Footprint: 37 GB (16384 bytes per page)
2026-07-19T07:01:50Z	Python [82384]: 64-bit    Footprint: 31 GB (16384 bytes per page)
2026-07-19T07:02:20Z	Python [82384]: 64-bit    Footprint: 39 GB (16384 bytes per page)
2026-07-19T07:02:56Z	Python [82384]: 64-bit    Footprint: 65 GB (16384 bytes per page)
2026-07-19T07:03:33Z	Python [82384]: 64-bit    Footprint: 56 GB (16384 bytes per page)
2026-07-19T07:04:04Z	Python [82384]: 64-bit    Footprint: 37 GB (16384 bytes per page)
2026-07-19T07:04:35Z	Python [82384]: 64-bit    Footprint: 34 GB (16384 bytes per page)
2026-07-19T07:05:10Z	Python [82384]: 64-bit    Footprint: 66 GB (16384 bytes per page)
2026-07-19T07:05:43Z	Python [82384]: 64-bit    Footprint: 56 GB (16384 bytes per page)
2026-07-19T07:06:13Z	Python [82384]: 64-bit    Footprint: 49 GB (16384 bytes per page)
2026-07-19T07:06:44Z	Python [82384]: 64-bit    Footprint: 33 GB (16384 bytes per page)
2026-07-19T07:07:16Z	Python [82384]: 64-bit    Footprint: 26 GB (16384 bytes per page)
2026-07-19T07:07:47Z	Python [82384]: 64-bit    Footprint: 46 GB (16384 bytes per page)
2026-07-19T07:08:19Z	Python [82384]: 64-bit    Footprint: 32 GB (16384 bytes per page)
2026-07-19T07:08:50Z	Python [82384]: 64-bit    Footprint: 28 GB (16384 bytes per page)
2026-07-19T07:09:20Z	Python [82384]: 64-bit    Footprint: 51 GB (16384 bytes per page)
2026-07-19T07:09:54Z	Python [82384]: 64-bit    Footprint: 36 GB (16384 bytes per page)
2026-07-19T07:10:32Z	Python [82384]: 64-bit    Footprint: 38 GB (16384 bytes per page)
2026-07-19T07:11:12Z	Python [82384]: 64-bit    Footprint: 53 GB (16384 bytes per page)
2026-07-19T07:11:44Z	Python [82384]: 64-bit    Footprint: 30 GB (16384 bytes per page)
2026-07-19T07:12:37Z	Python [82384]: 64-bit    Footprint: 25 GB (16384 bytes per page)
2026-07-19T07:13:28Z	Python [82384]: 64-bit    Footprint: 34 GB (16384 bytes per page)
2026-07-19T07:14:16Z	Python [82384]: 64-bit    Footprint: 21 GB (16384 bytes per page)
2026-07-19T07:14:57Z	Python [82384]: 64-bit    Footprint: 37 GB (16384 bytes per page)
2026-07-19T07:15:27Z	Python [82384]: 64-bit    Footprint: 32 GB (16384 bytes per page)
2026-07-19T07:15:58Z	Python [82384]: 64-bit    Footprint: 36 GB (16384 bytes per page)
2026-07-19T07:16:29Z	Python [82384]: 64-bit    Footprint: 43 GB (16384 bytes per page)
2026-07-19T07:17:02Z	Python [82384]: 64-bit    Footprint: 63 GB (16384 bytes per page)
2026-07-19T07:17:36Z	Python [82384]: 64-bit    Footprint: 54 GB (16384 bytes per page)
2026-07-19T07:18:07Z	Python [82384]: 64-bit    Footprint: 36 GB (16384 bytes per page)
2026-07-19T07:18:37Z	Python [82384]: 64-bit    Footprint: 42 GB (16384 bytes per page)
2026-07-19T07:19:08Z	Python [82384]: 64-bit    Footprint: 56 GB (16384 bytes per page)
2026-07-19T07:19:39Z	Python [82384]: 64-bit    Footprint: 26 GB (16384 bytes per page)
2026-07-19T07:20:09Z	Python [82384]: 64-bit    Footprint: 32 GB (16384 bytes per page)
2026-07-19T07:20:40Z	Python [82384]: 64-bit    Footprint: 28 GB (16384 bytes per page)
2026-07-19T07:21:11Z	Python [82384]: 64-bit    Footprint: 60 GB (16384 bytes per page)
2026-07-19T07:21:41Z	Python [82384]: 64-bit    Footprint: 54 GB (16384 bytes per page)
2026-07-19T07:22:12Z	Python [82384]: 64-bit    Footprint: 35 GB (16384 bytes per page)
2026-07-19T07:22:43Z	Python [82384]: 64-bit    Footprint: 25 GB (16384 bytes per page)
2026-07-19T07:23:13Z	Python [82384]: 64-bit    Footprint: 37 GB (16384 bytes per page)
2026-07-19T07:23:44Z	Python [82384]: 64-bit    Footprint: 54 GB (16384 bytes per page)
2026-07-19T07:24:14Z	Python [82384]: 64-bit    Footprint: 35 GB (16384 bytes per page)
2026-07-19T07:24:45Z	Python [82384]: 64-bit    Footprint: 40 GB (16384 bytes per page)
2026-07-19T07:25:16Z	Python [82384]: 64-bit    Footprint: 57 GB (16384 bytes per page)
2026-07-19T07:25:49Z	Python [82384]: 64-bit    Footprint: 30 GB (16384 bytes per page)
2026-07-19T07:26:20Z	Python [82384]: 64-bit    Footprint: 43 GB (16384 bytes per page)
2026-07-19T07:26:50Z	Python [82384]: 64-bit    Footprint: 53 GB (16384 bytes per page)
2026-07-19T07:27:22Z	Python [82384]: 64-bit    Footprint: 32 GB (16384 bytes per page)
2026-07-19T07:27:52Z	Python [82384]: 64-bit    Footprint: 19 GB (16384 bytes per page)
2026-07-19T07:28:23Z	Python [82384]: 64-bit    Footprint: 23 GB (16384 bytes per page)
2026-07-19T07:28:53Z	Python [82384]: 64-bit    Footprint: 38 GB (16384 bytes per page)
2026-07-19T07:29:24Z	Python [82384]: 64-bit    Footprint: 54 GB (16384 bytes per page)
2026-07-19T07:29:54Z	Python [82384]: 64-bit    Footprint: 37 GB (16384 bytes per page)
2026-07-19T07:30:25Z	Python [82384]: 64-bit    Footprint: 22 GB (16384 bytes per page)
2026-07-19T07:30:55Z	Python [82384]: 64-bit    Footprint: 18 GB (16384 bytes per page)
2026-07-19T07:31:26Z	Python [82384]: 64-bit    Footprint: 60 GB (16384 bytes per page)
2026-07-19T07:31:56Z	Python [82384]: 64-bit    Footprint: 54 GB (16384 bytes per page)
2026-07-19T07:32:27Z	Python [82384]: 64-bit    Footprint: 35 GB (16384 bytes per page)
2026-07-19T07:32:58Z	Python [82384]: 64-bit    Footprint: 29 GB (16384 bytes per page)
2026-07-19T07:33:29Z	Python [82384]: 64-bit    Footprint: 19 GB (16384 bytes per page)
2026-07-19T07:34:00Z	Python [82384]: 64-bit    Footprint: 46 GB (16384 bytes per page)
2026-07-19T07:34:35Z	Python [82384]: 64-bit    Footprint: 64 GB (16384 bytes per page)
2026-07-19T07:35:09Z	Python [82384]: 64-bit    Footprint: 54 GB (16384 bytes per page)
2026-07-19T07:35:39Z	Python [82384]: 64-bit    Footprint: 39 GB (16384 bytes per page)
2026-07-19T07:36:10Z	Python [82384]: 64-bit    Footprint: 24 GB (16384 bytes per page)
2026-07-19T07:36:40Z	Python [82384]: 64-bit    Footprint: 56 GB (16384 bytes per page)
2026-07-19T07:37:13Z	Python [82384]: 64-bit    Footprint: 21 GB (16384 bytes per page)
2026-07-19T07:37:43Z	Python [82384]: 64-bit    Footprint: 25 GB (16384 bytes per page)
2026-07-19T07:38:15Z	Python [82384]: 64-bit    Footprint: 24 GB (16384 bytes per page)
2026-07-19T07:38:45Z	Python [82384]: 64-bit    Footprint: 18 GB (16384 bytes per page)
2026-07-19T07:39:16Z	Python [82384]: 64-bit    Footprint: 19 GB (16384 bytes per page)
2026-07-19T07:39:46Z	Python [82384]: 64-bit    Footprint: 49 GB (16384 bytes per page)
2026-07-19T07:40:21Z	Python [82384]: 64-bit    Footprint: 66 GB (16384 bytes per page)
2026-07-19T07:40:55Z	Python [82384]: 64-bit    Footprint: 55 GB (16384 bytes per page)
2026-07-19T07:41:25Z	Python [82384]: 64-bit    Footprint: 41 GB (16384 bytes per page)
2026-07-19T07:41:56Z	Python [82384]: 64-bit    Footprint: 38 GB (16384 bytes per page)
2026-07-19T07:42:27Z	Python [82384]: 64-bit    Footprint: 53 GB (16384 bytes per page)
2026-07-19T07:42:57Z	Python [82384]: 64-bit    Footprint: 19 GB (16384 bytes per page)
2026-07-19T07:43:28Z	Python [82384]: 64-bit    Footprint: 79 GB (16384 bytes per page)
2026-07-19T07:43:59Z	Python [82384]: 64-bit    Footprint: 68 GB (16384 bytes per page)
2026-07-19T07:44:29Z	Python [82384]: 64-bit    Footprint: 62 GB (16384 bytes per page)
2026-07-19T07:45:00Z	Python [82384]: 64-bit    Footprint: 55 GB (16384 bytes per page)
2026-07-19T07:45:30Z	Python [82384]: 64-bit    Footprint: 41 GB (16384 bytes per page)
2026-07-19T07:46:00Z	Python [82384]: 64-bit    Footprint: 30 GB (16384 bytes per page)
2026-07-19T07:46:31Z	Python [82384]: 64-bit    Footprint: 32 GB (16384 bytes per page)
2026-07-19T07:47:01Z	Python [82384]: 64-bit    Footprint: 62 GB (16384 bytes per page)
2026-07-19T07:47:32Z	Python [82384]: 64-bit    Footprint: 55 GB (16384 bytes per page)
2026-07-19T07:48:02Z	Python [82384]: 64-bit    Footprint: 42 GB (16384 bytes per page)
2026-07-19T07:48:33Z	Python [82384]: 64-bit    Footprint: 28 GB (16384 bytes per page)
2026-07-19T07:49:04Z	Python [82384]: 64-bit    Footprint: 22 GB (16384 bytes per page)
2026-07-19T07:49:34Z	Python [82384]: 64-bit    Footprint: 59 GB (16384 bytes per page)
2026-07-19T07:50:05Z	Python [82384]: 64-bit    Footprint: 53 GB (16384 bytes per page)
2026-07-19T07:50:35Z	Python [82384]: 64-bit    Footprint: 25 GB (16384 bytes per page)
2026-07-19T07:51:05Z	Python [82384]: 64-bit    Footprint: 34 GB (16384 bytes per page)
2026-07-19T07:51:36Z	Python [82384]: 64-bit    Footprint: 41 GB (16384 bytes per page)
2026-07-19T07:52:07Z	Python [82384]: 64-bit    Footprint: 34 GB (16384 bytes per page)
2026-07-19T07:52:37Z	Python [82384]: 64-bit    Footprint: 56 GB (16384 bytes per page)
2026-07-19T07:53:09Z	Python [82384]: 64-bit    Footprint: 21 GB (16384 bytes per page)
2026-07-19T07:53:40Z	Python [82384]: 64-bit    Footprint: 50 GB (16384 bytes per page)
2026-07-19T07:54:18Z	Python [82384]: 64-bit    Footprint: 65 GB (16384 bytes per page)
2026-07-19T07:54:51Z	Python [82384]: 64-bit    Footprint: 55 GB (16384 bytes per page)
2026-07-19T07:55:21Z	Python [82384]: 64-bit    Footprint: 41 GB (16384 bytes per page)
2026-07-19T07:55:51Z	Python [82384]: 64-bit    Footprint: 36 GB (16384 bytes per page)
2026-07-19T07:56:23Z	Python [82384]: 64-bit    Footprint: 44 GB (16384 bytes per page)
2026-07-19T07:56:54Z	Python [82384]: 64-bit    Footprint: 39 GB (16384 bytes per page)
2026-07-19T07:57:24Z	Python [82384]: 64-bit    Footprint: 41 GB (16384 bytes per page)
2026-07-19T07:57:54Z	Python [82384]: 64-bit    Footprint: 41 GB (16384 bytes per page)
2026-07-19T07:58:25Z	Python [82384]: 64-bit    Footprint: 40 GB (16384 bytes per page)
2026-07-19T07:58:56Z	Python [82384]: 64-bit    Footprint: 19 GB (16384 bytes per page)
2026-07-19T07:59:26Z	Python [82384]: 64-bit    Footprint: 26 GB (16384 bytes per page)
2026-07-19T07:59:56Z	Python [82384]: 64-bit    Footprint: 58 GB (16384 bytes per page)
2026-07-19T08:00:27Z	Python [82384]: 64-bit    Footprint: 52 GB (16384 bytes per page)
2026-07-19T08:00:57Z	Python [82384]: 64-bit    Footprint: 32 GB (16384 bytes per page)
2026-07-19T08:01:27Z	Python [82384]: 64-bit    Footprint: 30 GB (16384 bytes per page)
2026-07-19T08:01:58Z	Python [82384]: 64-bit    Footprint: 49 GB (16384 bytes per page)
2026-07-19T08:02:30Z	Python [82384]: 64-bit    Footprint: 30 GB (16384 bytes per page)
2026-07-19T08:03:01Z	Python [82384]: 64-bit    Footprint: 27 GB (16384 bytes per page)
2026-07-19T08:03:31Z	Python [82384]: 64-bit    Footprint: 59 GB (16384 bytes per page)
2026-07-19T08:04:02Z	Python [82384]: 64-bit    Footprint: 53 GB (16384 bytes per page)
2026-07-19T08:04:32Z	Python [82384]: 64-bit    Footprint: 25 GB (16384 bytes per page)
2026-07-19T08:05:02Z	Python [82384]: 64-bit    Footprint: 41 GB (16384 bytes per page)
2026-07-19T08:05:33Z	Python [82384]: 64-bit    Footprint: 55 GB (16384 bytes per page)
2026-07-19T08:06:04Z	Python [82384]: 64-bit    Footprint: 33 GB (16384 bytes per page)
2026-07-19T08:06:35Z	Python [82384]: 64-bit    Footprint: 34 GB (16384 bytes per page)
2026-07-19T08:07:05Z	Python [82384]: 64-bit    Footprint: 25 GB (16384 bytes per page)
2026-07-19T08:07:36Z	Python [82384]: 64-bit    Footprint: 29 GB (16384 bytes per page)
2026-07-19T08:08:07Z	Python [82384]: 64-bit    Footprint: 41 GB (16384 bytes per page)
2026-07-19T08:08:38Z	Python [82384]: 64-bit    Footprint: 21 GB (16384 bytes per page)
2026-07-19T08:09:08Z	Python [82384]: 64-bit    Footprint: 43 GB (16384 bytes per page)
2026-07-19T08:09:39Z	Python [82384]: 64-bit    Footprint: 50 GB (16384 bytes per page)
2026-07-19T08:10:09Z	Python [82384]: 64-bit    Footprint: 29 GB (16384 bytes per page)
2026-07-19T08:10:39Z	Python [82384]: 64-bit    Footprint: 51 GB (16384 bytes per page)
2026-07-19T08:11:11Z	Python [82384]: 64-bit    Footprint: 48 GB (16384 bytes per page)
2026-07-19T08:11:42Z	Python [82384]: 64-bit    Footprint: 53 GB (16384 bytes per page)
2026-07-19T08:12:13Z	Python [82384]: 64-bit    Footprint: 54 GB (16384 bytes per page)
2026-07-19T08:12:43Z	Python [82384]: 64-bit    Footprint: 38 GB (16384 bytes per page)
2026-07-19T08:13:27Z	Python [82384]: 64-bit    Footprint: 88 GB (16384 bytes per page)
2026-07-19T08:14:06Z	Python [82384]: 64-bit    Footprint: 79 GB (16384 bytes per page)
2026-07-19T08:14:36Z	Python [82384]: 64-bit    Footprint: 72 GB (16384 bytes per page)
2026-07-19T08:15:06Z	Python [82384]: 64-bit    Footprint: 65 GB (16384 bytes per page)
2026-07-19T08:15:37Z	Python [82384]: 64-bit    Footprint: 57 GB (16384 bytes per page)
2026-07-19T08:16:07Z	Python [82384]: 64-bit    Footprint: 29 GB (16384 bytes per page)
2026-07-19T08:16:37Z	Python [82384]: 64-bit    Footprint: 52 GB (16384 bytes per page)
2026-07-19T08:17:08Z	Python [82384]: 64-bit    Footprint: 31 GB (16384 bytes per page)
2026-07-19T08:17:38Z	Python [82384]: 64-bit    Footprint: 46 GB (16384 bytes per page)
2026-07-19T08:18:08Z	Python [82384]: 64-bit    Footprint: 51 GB (16384 bytes per page)
2026-07-19T08:18:39Z	Python [82384]: 64-bit    Footprint: 41 GB (16384 bytes per page)
2026-07-19T08:19:09Z	Python [82384]: 64-bit    Footprint: 41 GB (16384 bytes per page)
2026-07-19T08:19:39Z	Python [82384]: 64-bit    Footprint: 56 GB (16384 bytes per page)
2026-07-19T08:20:17Z	Python [82384]: 64-bit    Footprint: 53 GB (16384 bytes per page)
2026-07-19T08:20:47Z	Python [82384]: 64-bit    Footprint: 26 GB (16384 bytes per page)
2026-07-19T08:21:18Z	Python [82384]: 64-bit    Footprint: 51 GB (16384 bytes per page)
2026-07-19T08:21:48Z	Python [82384]: 64-bit    Footprint: 42 GB (16384 bytes per page)
2026-07-19T08:22:18Z	Python [82384]: 64-bit    Footprint: 51 GB (16384 bytes per page)
2026-07-19T08:22:49Z	Python [82384]: 64-bit    Footprint: 51 GB (16384 bytes per page)
2026-07-19T08:23:20Z	Python [82384]: 64-bit    Footprint: 63 GB (16384 bytes per page)
2026-07-19T08:23:50Z	Python [82384]: 64-bit    Footprint: 52 GB (16384 bytes per page)
2026-07-19T08:24:33Z	Python [82384]: 64-bit    Footprint: 90 GB (16384 bytes per page)
2026-07-19T08:25:10Z	Python [82384]: 64-bit    Footprint: 79 GB (16384 bytes per page)
2026-07-19T08:25:41Z	Python [82384]: 64-bit    Footprint: 71 GB (16384 bytes per page)
2026-07-19T08:26:11Z	Python [82384]: 64-bit    Footprint: 63 GB (16384 bytes per page)
2026-07-19T08:26:41Z	Python [82384]: 64-bit    Footprint: 54 GB (16384 bytes per page)
2026-07-19T08:27:11Z	Python [82384]: 64-bit    Footprint: 30 GB (16384 bytes per page)
2026-07-19T08:27:41Z	Python [82384]: 64-bit    Footprint: 34 GB (16384 bytes per page)
2026-07-19T08:28:12Z	Python [82384]: 64-bit    Footprint: 61 GB (16384 bytes per page)
2026-07-19T08:28:42Z	Python [82384]: 64-bit    Footprint: 53 GB (16384 bytes per page)
2026-07-19T08:29:13Z	Python [82384]: 64-bit    Footprint: 19 GB (16384 bytes per page)
2026-07-19T08:29:43Z	Python [82384]: 64-bit    Footprint: 28 GB (16384 bytes per page)
2026-07-19T08:30:13Z	Python [82384]: 64-bit    Footprint: 31 GB (16384 bytes per page)
2026-07-19T08:30:44Z	Python [82384]: 64-bit    Footprint: 57 GB (16384 bytes per page)
2026-07-19T08:31:15Z	Python [82384]: 64-bit    Footprint: 28 GB (16384 bytes per page)
2026-07-19T08:31:46Z	Python [82384]: 64-bit    Footprint: 62 GB (16384 bytes per page)
2026-07-19T08:32:17Z	Python [82384]: 64-bit    Footprint: 52 GB (16384 bytes per page)
2026-07-19T08:32:47Z	Python [82384]: 64-bit    Footprint: 45 GB (16384 bytes per page)
2026-07-19T08:33:18Z	Python [82384]: 64-bit    Footprint: 52 GB (16384 bytes per page)
2026-07-19T08:33:48Z	Python [82384]: 64-bit    Footprint: 34 GB (16384 bytes per page)
2026-07-19T08:34:18Z	Python [82384]: 64-bit    Footprint: 41 GB (16384 bytes per page)
2026-07-19T08:34:49Z	Python [82384]: 64-bit    Footprint: 74 GB (16384 bytes per page)
2026-07-19T08:35:19Z	Python [82384]: 64-bit    Footprint: 66 GB (16384 bytes per page)
2026-07-19T08:35:50Z	Python [82384]: 64-bit    Footprint: 57 GB (16384 bytes per page)
2026-07-19T08:36:20Z	Python [82384]: 64-bit    Footprint: 30 GB (16384 bytes per page)
2026-07-19T08:36:50Z	Python [82384]: 64-bit    Footprint: 41 GB (16384 bytes per page)
2026-07-19T08:37:20Z	Python [82384]: 64-bit    Footprint: 42 GB (16384 bytes per page)
2026-07-19T08:37:51Z	Python [82384]: 64-bit    Footprint: 42 GB (16384 bytes per page)
2026-07-19T08:38:21Z	Python [82384]: 64-bit    Footprint: 32 GB (16384 bytes per page)
2026-07-19T08:38:51Z	Python [82384]: 64-bit    Footprint: 27 GB (16384 bytes per page)
2026-07-19T08:39:21Z	Python [82384]: 64-bit    Footprint: 19 GB (16384 bytes per page)
2026-07-19T08:39:51Z	Python [82384]: 64-bit    Footprint: 55 GB (16384 bytes per page)
2026-07-19T08:40:22Z	Python [82384]: 64-bit    Footprint: 26 GB (16384 bytes per page)
2026-07-19T08:40:52Z	Python [82384]: 64-bit    Footprint: 52 GB (16384 bytes per page)
2026-07-19T08:41:24Z	Python [82384]: 64-bit    Footprint: 31 GB (16384 bytes per page)
2026-07-19T08:41:54Z	Python [82384]: 64-bit    Footprint: 53 GB (16384 bytes per page)
2026-07-19T08:42:25Z	Python [82384]: 64-bit    Footprint: 23 GB (16384 bytes per page)
2026-07-19T08:42:55Z	Python [82384]: 64-bit    Footprint: 23 GB (16384 bytes per page)
2026-07-19T08:43:25Z	Python [82384]: 64-bit    Footprint: 32 GB (16384 bytes per page)
2026-07-19T08:43:55Z	Python [82384]: 64-bit    Footprint: 51 GB (16384 bytes per page)
2026-07-19T08:44:26Z	Python [82384]: 64-bit    Footprint: 33 GB (16384 bytes per page)
2026-07-19T08:44:56Z	Python [82384]: 64-bit    Footprint: 29 GB (16384 bytes per page)
2026-07-19T08:45:26Z	Python [82384]: 64-bit    Footprint: 53 GB (16384 bytes per page)
2026-07-19T08:45:57Z	Python [82384]: 64-bit    Footprint: 30 GB (16384 bytes per page)
2026-07-19T08:46:27Z	Python [82384]: 64-bit    Footprint: 50 GB (16384 bytes per page)
2026-07-19T08:46:58Z	Python [82384]: 64-bit    Footprint: 23 GB (16384 bytes per page)
2026-07-19T08:47:28Z	Python [82384]: 64-bit    Footprint: 23 GB (16384 bytes per page)
2026-07-19T08:47:58Z	Python [82384]: 64-bit    Footprint: 50 GB (16384 bytes per page)
2026-07-19T08:48:29Z	Python [82384]: 64-bit    Footprint: 66 GB (16384 bytes per page)
2026-07-19T08:48:59Z	Python [82384]: 64-bit    Footprint: 57 GB (16384 bytes per page)
2026-07-19T08:49:29Z	Python [82384]: 64-bit    Footprint: 41 GB (16384 bytes per page)
2026-07-19T08:49:59Z	Python [82384]: 64-bit    Footprint: 34 GB (16384 bytes per page)
2026-07-19T08:50:31Z	Python [82384]: 64-bit    Footprint: 59 GB (16384 bytes per page)
2026-07-19T08:51:02Z	Python [82384]: 64-bit    Footprint: 44 GB (16384 bytes per page)
2026-07-19T08:51:32Z	Python [82384]: 64-bit    Footprint: 30 GB (16384 bytes per page)
2026-07-19T08:52:03Z	Python [82384]: 64-bit    Footprint: 29 GB (16384 bytes per page)
2026-07-19T08:52:34Z	Python [82384]: 64-bit    Footprint: 55 GB (16384 bytes per page)
2026-07-19T08:53:05Z	Python [82384]: 64-bit    Footprint: 43 GB (16384 bytes per page)
2026-07-19T08:53:36Z	Python [82384]: 64-bit    Footprint: 30 GB (16384 bytes per page)
2026-07-19T08:54:06Z	Python [82384]: 64-bit    Footprint: 27 GB (16384 bytes per page)
2026-07-19T08:54:36Z	Python [82384]: 64-bit    Footprint: 51 GB (16384 bytes per page)
2026-07-19T08:55:08Z	Python [82384]: 64-bit    Footprint: 21 GB (16384 bytes per page)
2026-07-19T08:55:39Z	Python [82384]: 64-bit    Footprint: 39 GB (16384 bytes per page)
2026-07-19T08:56:10Z	Python [82384]: 64-bit    Footprint: 43 GB (16384 bytes per page)
2026-07-19T08:56:41Z	Python [82384]: 64-bit    Footprint: 32 GB (16384 bytes per page)
2026-07-19T08:57:11Z	Python [82384]: 64-bit    Footprint: 34 GB (16384 bytes per page)
2026-07-19T08:57:42Z	Python [82384]: 64-bit    Footprint: 54 GB (16384 bytes per page)
2026-07-19T08:58:15Z	Python [82384]: 64-bit    Footprint: 41 GB (16384 bytes per page)
2026-07-19T08:58:45Z	Python [82384]: 64-bit    Footprint: 27 GB (16384 bytes per page)
2026-07-19T08:59:15Z	Python [82384]: 64-bit    Footprint: 29 GB (16384 bytes per page)
2026-07-19T08:59:46Z	Python [82384]: 64-bit    Footprint: 33 GB (16384 bytes per page)
2026-07-19T09:00:17Z	Python [82384]: 64-bit    Footprint: 27 GB (16384 bytes per page)
2026-07-19T09:00:48Z	Python [82384]: 64-bit    Footprint: 51 GB (16384 bytes per page)
2026-07-19T09:01:20Z	Python [82384]: 64-bit    Footprint: 41 GB (16384 bytes per page)
2026-07-19T09:01:52Z	Python [82384]: 64-bit    Footprint: 31 GB (16384 bytes per page)
2026-07-19T09:02:23Z	Python [82384]: 64-bit    Footprint: 33 GB (16384 bytes per page)
2026-07-19T09:02:54Z	Python [82384]: 64-bit    Footprint: 60 GB (16384 bytes per page)
2026-07-19T09:03:29Z	Python [82384]: 64-bit    Footprint: 51 GB (16384 bytes per page)
2026-07-19T09:04:00Z	Python [82384]: 64-bit    Footprint: 25 GB (16384 bytes per page)
2026-07-19T09:04:31Z	Python [82384]: 64-bit    Footprint: 28 GB (16384 bytes per page)
2026-07-19T09:05:02Z	Python [82384]: 64-bit    Footprint: 30 GB (16384 bytes per page)
2026-07-19T09:05:33Z	Python [82384]: 64-bit    Footprint: 41 GB (16384 bytes per page)
2026-07-19T09:06:06Z	Python [82384]: 64-bit    Footprint: 46 GB (16384 bytes per page)
2026-07-19T09:06:38Z	Python [82384]: 64-bit    Footprint: 46 GB (16384 bytes per page)
2026-07-19T09:07:10Z	Python [82384]: 64-bit    Footprint: 24 GB (16384 bytes per page)
2026-07-19T09:07:41Z	Python [82384]: 64-bit    Footprint: 61 GB (16384 bytes per page)
2026-07-19T09:08:14Z	Python [82384]: 64-bit    Footprint: 53 GB (16384 bytes per page)
2026-07-19T09:08:45Z	Python [82384]: 64-bit    Footprint: 35 GB (16384 bytes per page)
2026-07-19T09:09:39Z	Python [82384]: 64-bit    Footprint: 90 GB (16384 bytes per page)
2026-07-19T09:10:19Z	Python [82384]: 64-bit    Footprint: 80 GB (16384 bytes per page)
2026-07-19T09:10:49Z	Python [82384]: 64-bit    Footprint: 73 GB (16384 bytes per page)
2026-07-19T09:11:20Z	Python [82384]: 64-bit    Footprint: 67 GB (16384 bytes per page)
2026-07-19T09:11:50Z	Python [82384]: 64-bit    Footprint: 60 GB (16384 bytes per page)
2026-07-19T09:12:20Z	Python [82384]: 64-bit    Footprint: 54 GB (16384 bytes per page)
2026-07-19T09:12:51Z	Python [82384]: 64-bit    Footprint: 29 GB (16384 bytes per page)
2026-07-19T09:13:22Z	Python [82384]: 64-bit    Footprint: 41 GB (16384 bytes per page)
2026-07-19T09:13:55Z	Python [82384]: 64-bit    Footprint: 51 GB (16384 bytes per page)
2026-07-19T09:14:26Z	Python [82384]: 64-bit    Footprint: 22 GB (16384 bytes per page)
2026-07-19T09:14:56Z	Python [82384]: 64-bit    Footprint: 21 GB (16384 bytes per page)
2026-07-19T09:15:26Z	Python [82384]: 64-bit    Footprint: 29 GB (16384 bytes per page)
2026-07-19T09:15:57Z	Python [82384]: 64-bit    Footprint: 29 GB (16384 bytes per page)
2026-07-19T09:16:27Z	Python [82384]: 64-bit    Footprint: 39 GB (16384 bytes per page)
2026-07-19T09:16:57Z	Python [82384]: 64-bit    Footprint: 44 GB (16384 bytes per page)
2026-07-19T09:17:34Z	Python [82384]: 64-bit    Footprint: 64 GB (16384 bytes per page)
2026-07-19T09:18:08Z	Python [82384]: 64-bit    Footprint: 54 GB (16384 bytes per page)
2026-07-19T09:18:38Z	Python [82384]: 64-bit    Footprint: 37 GB (16384 bytes per page)
2026-07-19T09:19:09Z	Python [82384]: 64-bit    Footprint: 27 GB (16384 bytes per page)
2026-07-19T09:19:39Z	Python [82384]: 64-bit    Footprint: 54 GB (16384 bytes per page)
2026-07-19T09:20:09Z	Python [82384]: 64-bit    Footprint: 43 GB (16384 bytes per page)
2026-07-19T09:20:40Z	Python [82384]: 64-bit    Footprint: 35 GB (16384 bytes per page)
2026-07-19T09:21:10Z	Python [82384]: 64-bit    Footprint: 41 GB (16384 bytes per page)
2026-07-19T09:21:46Z	Python [82384]: 64-bit    Footprint: 71 GB (16384 bytes per page)
2026-07-19T09:22:18Z	Python [82384]: 64-bit    Footprint: 60 GB (16384 bytes per page)
2026-07-19T09:22:49Z	Python [82384]: 64-bit    Footprint: 53 GB (16384 bytes per page)
2026-07-19T09:23:19Z	Python [82384]: 64-bit    Footprint: 28 GB (16384 bytes per page)
2026-07-19T09:23:49Z	Python [82384]: 64-bit    Footprint: 30 GB (16384 bytes per page)
2026-07-19T09:24:19Z	Python [82384]: 64-bit    Footprint: 21 GB (16384 bytes per page)
2026-07-19T09:24:50Z	Python [82384]: 64-bit    Footprint: 43 GB (16384 bytes per page)
2026-07-19T09:25:20Z	Python [82384]: 64-bit    Footprint: 45 GB (16384 bytes per page)
2026-07-19T09:25:51Z	Python [82384]: 64-bit    Footprint: 58 GB (16384 bytes per page)
2026-07-19T09:26:22Z	Python [82384]: 64-bit    Footprint: 52 GB (16384 bytes per page)
2026-07-19T09:26:52Z	Python [82384]: 64-bit    Footprint: 22 GB (16384 bytes per page)
2026-07-19T09:27:22Z	Python [82384]: 64-bit    Footprint: 42 GB (16384 bytes per page)
2026-07-19T09:27:53Z	Python [82384]: 64-bit    Footprint: 56 GB (16384 bytes per page)
2026-07-19T09:28:26Z	Python [82384]: 64-bit    Footprint: 35 GB (16384 bytes per page)
2026-07-19T09:28:56Z	Python [82384]: 64-bit    Footprint: 36 GB (16384 bytes per page)
2026-07-19T09:29:26Z	Python [82384]: 64-bit    Footprint: 29 GB (16384 bytes per page)
2026-07-19T09:29:57Z	Python [82384]: 64-bit    Footprint: 46 GB (16384 bytes per page)
2026-07-19T09:30:27Z	Python [82384]: 64-bit    Footprint: 60 GB (16384 bytes per page)
2026-07-19T09:30:58Z	Python [82384]: 64-bit    Footprint: 41 GB (16384 bytes per page)
2026-07-19T09:31:29Z	Python [82384]: 64-bit    Footprint: 33 GB (16384 bytes per page)
2026-07-19T09:31:59Z	Python [82384]: 64-bit    Footprint: 53 GB (16384 bytes per page)
2026-07-19T09:32:30Z	Python [82384]: 64-bit    Footprint: 36 GB (16384 bytes per page)
2026-07-19T09:33:01Z	Python [82384]: 64-bit    Footprint: 28 GB (16384 bytes per page)
2026-07-19T09:33:31Z	Python [82384]: 64-bit    Footprint: 52 GB (16384 bytes per page)
2026-07-19T09:34:02Z	Python [82384]: 64-bit    Footprint: 22 GB (16384 bytes per page)
2026-07-19T09:34:32Z	Python [82384]: 64-bit    Footprint: 40 GB (16384 bytes per page)
2026-07-19T09:35:02Z	Python [82384]: 64-bit    Footprint: 54 GB (16384 bytes per page)
2026-07-19T09:35:33Z	Python [82384]: 64-bit    Footprint: 40 GB (16384 bytes per page)
2026-07-19T09:36:03Z	Python [82384]: 64-bit    Footprint: 37 GB (16384 bytes per page)
2026-07-19T09:36:34Z	Python [82384]: 64-bit    Footprint: 52 GB (16384 bytes per page)
2026-07-19T09:37:04Z	Python [82384]: 64-bit    Footprint: 24 GB (16384 bytes per page)
2026-07-19T09:37:34Z	Python [82384]: 64-bit    Footprint: 75 GB (16384 bytes per page)
2026-07-19T09:38:05Z	Python [82384]: 64-bit    Footprint: 67 GB (16384 bytes per page)
2026-07-19T09:38:35Z	Python [82384]: 64-bit    Footprint: 61 GB (16384 bytes per page)
2026-07-19T09:39:05Z	Python [82384]: 64-bit    Footprint: 54 GB (16384 bytes per page)
2026-07-19T09:39:36Z	Python [82384]: 64-bit    Footprint: 36 GB (16384 bytes per page)
2026-07-19T09:40:06Z	Python [82384]: 64-bit    Footprint: 23 GB (16384 bytes per page)
2026-07-19T09:40:36Z	Python [82384]: 64-bit    Footprint: 23 GB (16384 bytes per page)
2026-07-19T09:41:06Z	Python [82384]: 64-bit    Footprint: 59 GB (16384 bytes per page)
2026-07-19T09:41:37Z	Python [82384]: 64-bit    Footprint: 52 GB (16384 bytes per page)
2026-07-19T09:42:07Z	Python [82384]: 64-bit    Footprint: 23 GB (16384 bytes per page)
2026-07-19T09:42:37Z	Python [82384]: 64-bit    Footprint: 30 GB (16384 bytes per page)
2026-07-19T09:43:09Z	Python [82384]: 64-bit    Footprint: 39 GB (16384 bytes per page)
2026-07-19T09:43:40Z	Python [82384]: 64-bit    Footprint: 45 GB (16384 bytes per page)
2026-07-19T09:44:12Z	Python [82384]: 64-bit    Footprint: 45 GB (16384 bytes per page)
2026-07-19T09:44:45Z	Python [82384]: 64-bit    Footprint: 56 GB (16384 bytes per page)
2026-07-19T09:45:16Z	Python [82384]: 64-bit    Footprint: 47 GB (16384 bytes per page)
2026-07-19T09:45:50Z	Python [82384]: 64-bit    Footprint: 46 GB (16384 bytes per page)
2026-07-19T09:46:23Z	Python [82384]: 64-bit    Footprint: 91 GB (16384 bytes per page)
2026-07-19T09:46:58Z	Python [82384]: 64-bit    Footprint: 81 GB (16384 bytes per page)
2026-07-19T09:47:29Z	Python [82384]: 64-bit    Footprint: 74 GB (16384 bytes per page)
2026-07-19T09:47:59Z	Python [82384]: 64-bit    Footprint: 68 GB (16384 bytes per page)
2026-07-19T09:48:29Z	Python [82384]: 64-bit    Footprint: 61 GB (16384 bytes per page)
2026-07-19T09:49:00Z	Python [82384]: 64-bit    Footprint: 54 GB (16384 bytes per page)
2026-07-19T09:49:30Z	Python [82384]: 64-bit    Footprint: 31 GB (16384 bytes per page)
2026-07-19T09:50:01Z	Python [82384]: 64-bit    Footprint: 41 GB (16384 bytes per page)
2026-07-19T09:50:33Z	Python [82384]: 64-bit    Footprint: 47 GB (16384 bytes per page)
2026-07-19T09:51:06Z	Python [82384]: 64-bit    Footprint: 18 GB (16384 bytes per page)
2026-07-19T09:51:37Z	Python [82384]: 64-bit    Footprint: 45 GB (16384 bytes per page)
2026-07-19T09:52:08Z	Python [82384]: 64-bit    Footprint: 32 GB (16384 bytes per page)
2026-07-19T09:52:40Z	Python [82384]: 64-bit    Footprint: 36 GB (16384 bytes per page)
2026-07-19T09:53:10Z	Python [82384]: 64-bit    Footprint: 52 GB (16384 bytes per page)
2026-07-19T09:53:41Z	Python [82384]: 64-bit    Footprint: 46 GB (16384 bytes per page)
2026-07-19T09:54:14Z	Python [82384]: 64-bit    Footprint: 34 GB (16384 bytes per page)
2026-07-19T09:54:45Z	Python [82384]: 64-bit    Footprint: 38 GB (16384 bytes per page)
2026-07-19T09:55:16Z	Python [82384]: 64-bit    Footprint: 65 GB (16384 bytes per page)
2026-07-19T09:55:50Z	Python [82384]: 64-bit    Footprint: 55 GB (16384 bytes per page)
2026-07-19T09:56:20Z	Python [82384]: 64-bit    Footprint: 44 GB (16384 bytes per page)
2026-07-19T09:56:50Z	Python [82384]: 64-bit    Footprint: 24 GB (16384 bytes per page)
2026-07-19T09:57:21Z	Python [82384]: 64-bit    Footprint: 45 GB (16384 bytes per page)
2026-07-19T09:57:51Z	Python [82384]: 64-bit    Footprint: 38 GB (16384 bytes per page)
2026-07-19T09:58:21Z	Python [82384]: 64-bit    Footprint: 19 GB (16384 bytes per page)
2026-07-19T09:58:52Z	Python [82384]: 64-bit    Footprint: 26 GB (16384 bytes per page)
2026-07-19T09:59:22Z	Python [82384]: 64-bit    Footprint: 54 GB (16384 bytes per page)
2026-07-19T09:59:53Z	Python [82384]: 64-bit    Footprint: 41 GB (16384 bytes per page)
2026-07-19T10:00:23Z	Python [82384]: 64-bit    Footprint: 24 GB (16384 bytes per page)
2026-07-19T10:00:53Z	Python [82384]: 64-bit    Footprint: 19 GB (16384 bytes per page)
2026-07-19T10:01:23Z	Python [82384]: 64-bit    Footprint: 56 GB (16384 bytes per page)
2026-07-19T10:01:54Z	Python [82384]: 64-bit    Footprint: 49 GB (16384 bytes per page)
2026-07-19T10:02:25Z	Python [82384]: 64-bit    Footprint: 28 GB (16384 bytes per page)
2026-07-19T10:02:55Z	Python [82384]: 64-bit    Footprint: 39 GB (16384 bytes per page)
2026-07-19T10:03:25Z	Python [82384]: 64-bit    Footprint: 36 GB (16384 bytes per page)
2026-07-19T10:03:55Z	Python [82384]: 64-bit    Footprint: 43 GB (16384 bytes per page)
2026-07-19T10:04:26Z	Python [82384]: 64-bit    Footprint: 51 GB (16384 bytes per page)
2026-07-19T10:04:57Z	Python [82384]: 64-bit    Footprint: 45 GB (16384 bytes per page)
2026-07-19T10:05:27Z	Python [82384]: 64-bit    Footprint: 55 GB (16384 bytes per page)
2026-07-19T10:05:58Z	Python [82384]: 64-bit    Footprint: 35 GB (16384 bytes per page)
2026-07-19T10:06:28Z	Python [82384]: 64-bit    Footprint: 67 GB (16384 bytes per page)
2026-07-19T10:06:59Z	Python [82384]: 64-bit    Footprint: 61 GB (16384 bytes per page)
2026-07-19T10:07:30Z	Python [82384]: 64-bit    Footprint: 54 GB (16384 bytes per page)
2026-07-19T10:08:00Z	Python [82384]: 64-bit    Footprint: 35 GB (16384 bytes per page)
2026-07-19T10:08:30Z	Python [82384]: 64-bit    Footprint: 42 GB (16384 bytes per page)
2026-07-19T10:09:01Z	Python [82384]: 64-bit    Footprint: 44 GB (16384 bytes per page)
2026-07-19T10:09:32Z	Python [82384]: 64-bit    Footprint: 27 GB (16384 bytes per page)
2026-07-19T10:10:02Z	Python [82384]: 64-bit    Footprint: 57 GB (16384 bytes per page)
2026-07-19T10:10:33Z	Python [82384]: 64-bit    Footprint: 24 GB (16384 bytes per page)
2026-07-19T10:11:03Z	Python [82384]: 64-bit    Footprint: 49 GB (16384 bytes per page)
2026-07-19T10:11:34Z	Python [82384]: 64-bit    Footprint: 58 GB (16384 bytes per page)
2026-07-19T10:12:12Z	Python [82384]: 64-bit    Footprint: 55 GB (16384 bytes per page)
2026-07-19T10:12:43Z	Python [82384]: 64-bit    Footprint: 40 GB (16384 bytes per page)
2026-07-19T10:13:13Z	Python [82384]: 64-bit    Footprint: 40 GB (16384 bytes per page)
2026-07-19T10:13:44Z	Python [82384]: 64-bit    Footprint: 31 GB (16384 bytes per page)
2026-07-19T10:14:14Z	Python [82384]: 64-bit    Footprint: 35 GB (16384 bytes per page)
2026-07-19T10:14:44Z	Python [82384]: 64-bit    Footprint: 46 GB (16384 bytes per page)
2026-07-19T10:15:15Z	Python [82384]: 64-bit    Footprint: 53 GB (16384 bytes per page)
2026-07-19T10:15:45Z	Python [82384]: 64-bit    Footprint: 30 GB (16384 bytes per page)
2026-07-19T10:16:15Z	Python [82384]: 64-bit    Footprint: 21 GB (16384 bytes per page)
2026-07-19T10:16:46Z	Python [82384]: 64-bit    Footprint: 29 GB (16384 bytes per page)
2026-07-19T10:17:16Z	Python [82384]: 64-bit    Footprint: 69 GB (16384 bytes per page)
2026-07-19T10:17:47Z	Python [82384]: 64-bit    Footprint: 60 GB (16384 bytes per page)
2026-07-19T10:18:18Z	Python [82384]: 64-bit    Footprint: 54 GB (16384 bytes per page)
2026-07-19T10:18:48Z	Python [82384]: 64-bit    Footprint: 33 GB (16384 bytes per page)
2026-07-19T10:19:18Z	Python [82384]: 64-bit    Footprint: 36 GB (16384 bytes per page)
2026-07-19T10:19:48Z	Python [82384]: 64-bit    Footprint: 58 GB (16384 bytes per page)
2026-07-19T10:20:22Z	Python [82384]: 64-bit    Footprint: 50 GB (16384 bytes per page)
2026-07-19T10:20:53Z	Python [82384]: 64-bit    Footprint: 24 GB (16384 bytes per page)
2026-07-19T10:21:23Z	Python [82384]: 64-bit    Footprint: 54 GB (16384 bytes per page)
2026-07-19T10:21:54Z	Python [82384]: 64-bit    Footprint: 22 GB (16384 bytes per page)
2026-07-19T10:22:24Z	Python [82384]: 64-bit    Footprint: 46 GB (16384 bytes per page)
2026-07-19T10:22:56Z	Python [82384]: 64-bit    Footprint: 29 GB (16384 bytes per page)
2026-07-19T10:23:26Z	Python [82384]: 64-bit    Footprint: 30 GB (16384 bytes per page)
2026-07-19T10:23:57Z	Python [82384]: 64-bit    Footprint: 60 GB (16384 bytes per page)
2026-07-19T10:24:28Z	Python [82384]: 64-bit    Footprint: 53 GB (16384 bytes per page)
2026-07-19T10:24:58Z	Python [82384]: 64-bit    Footprint: 25 GB (16384 bytes per page)
2026-07-19T10:25:29Z	Python [82384]: 64-bit    Footprint: 44 GB (16384 bytes per page)
2026-07-19T10:26:01Z	Python [82384]: 64-bit    Footprint: 59 GB (16384 bytes per page)
2026-07-19T10:26:32Z	Python [82384]: 64-bit    Footprint: 42 GB (16384 bytes per page)
2026-07-19T10:27:03Z	Python [82384]: 64-bit    Footprint: 21 GB (16384 bytes per page)
2026-07-19T10:27:34Z	Python [82384]: 64-bit    Footprint: 42 GB (16384 bytes per page)
2026-07-19T10:28:04Z	Python [82384]: 64-bit    Footprint: 36 GB (16384 bytes per page)
2026-07-19T10:28:35Z	Python [82384]: 64-bit    Footprint: 30 GB (16384 bytes per page)
2026-07-19T10:29:05Z	Python [82384]: 64-bit    Footprint: 38 GB (16384 bytes per page)
2026-07-19T10:29:39Z	Python [82384]: 64-bit    Footprint: 70 GB (16384 bytes per page)
2026-07-19T10:30:12Z	Python [82384]: 64-bit    Footprint: 60 GB (16384 bytes per page)
2026-07-19T10:30:43Z	Python [82384]: 64-bit    Footprint: 53 GB (16384 bytes per page)
2026-07-19T10:31:13Z	Python [82384]: 64-bit    Footprint: 31 GB (16384 bytes per page)
2026-07-19T10:31:43Z	Python [82384]: 64-bit    Footprint: 39 GB (16384 bytes per page)
2026-07-19T10:32:17Z	Python [82384]: 64-bit    Footprint: 58 GB (16384 bytes per page)
2026-07-19T10:32:50Z	Python [82384]: 64-bit    Footprint: 44 GB (16384 bytes per page)
2026-07-19T10:33:20Z	Python [82384]: 64-bit    Footprint: 31 GB (16384 bytes per page)
2026-07-19T10:33:51Z	Python [82384]: 64-bit    Footprint: 28 GB (16384 bytes per page)
2026-07-19T10:34:21Z	Python [82384]: 64-bit    Footprint: 61 GB (16384 bytes per page)
2026-07-19T10:34:51Z	Python [82384]: 64-bit    Footprint: 54 GB (16384 bytes per page)
2026-07-19T10:35:22Z	Python [82384]: 64-bit    Footprint: 37 GB (16384 bytes per page)
2026-07-19T10:35:52Z	Python [82384]: 64-bit    Footprint: 44 GB (16384 bytes per page)
2026-07-19T10:36:23Z	Python [82384]: 64-bit    Footprint: 51 GB (16384 bytes per page)
2026-07-19T10:36:54Z	Python [82384]: 64-bit    Footprint: 36 GB (16384 bytes per page)
2026-07-19T10:37:24Z	Python [82384]: 64-bit    Footprint: 21 GB (16384 bytes per page)
2026-07-19T10:37:55Z	Python [82384]: 64-bit    Footprint: 44 GB (16384 bytes per page)
2026-07-19T10:38:25Z	Python [82384]: 64-bit    Footprint: 28 GB (16384 bytes per page)
2026-07-19T10:38:56Z	Python [82384]: 64-bit    Footprint: 41 GB (16384 bytes per page)
2026-07-19T10:39:26Z	Python [82384]: 64-bit    Footprint: 22 GB (16384 bytes per page)
2026-07-19T10:39:56Z	Python [82384]: 64-bit    Footprint: 19 GB (16384 bytes per page)
2026-07-19T10:40:27Z	Python [82384]: 64-bit    Footprint: 55 GB (16384 bytes per page)
2026-07-19T10:40:57Z	Python [82384]: 64-bit    Footprint: 40 GB (16384 bytes per page)
2026-07-19T10:41:27Z	Python [82384]: 64-bit    Footprint: 37 GB (16384 bytes per page)
2026-07-19T10:41:58Z	Python [82384]: 64-bit    Footprint: 42 GB (16384 bytes per page)
2026-07-19T10:42:28Z	Python [82384]: 64-bit    Footprint: 31 GB (16384 bytes per page)
2026-07-19T10:42:59Z	Python [82384]: 64-bit    Footprint: 54 GB (16384 bytes per page)
2026-07-19T10:43:31Z	Python [82384]: 64-bit    Footprint: 35 GB (16384 bytes per page)
2026-07-19T10:44:01Z	Python [82384]: 64-bit    Footprint: 41 GB (16384 bytes per page)
2026-07-19T10:44:31Z	Python [82384]: 64-bit    Footprint: 35 GB (16384 bytes per page)
2026-07-19T10:45:01Z	Python [82384]: 64-bit    Footprint: 24 GB (16384 bytes per page)
2026-07-19T10:45:32Z	Python [82384]: 64-bit    Footprint: 51 GB (16384 bytes per page)
2026-07-19T10:46:02Z	Python [82384]: 64-bit    Footprint: 31 GB (16384 bytes per page)
2026-07-19T10:46:32Z	Python [82384]: 64-bit    Footprint: 24 GB (16384 bytes per page)
2026-07-19T10:47:03Z	Python [82384]: 64-bit    Footprint: 43 GB (16384 bytes per page)
2026-07-19T10:47:40Z	Python [82384]: 64-bit    Footprint: 77 GB (16384 bytes per page)
2026-07-19T10:48:21Z	Python [82384]: 64-bit    Footprint: 68 GB (16384 bytes per page)
2026-07-19T10:48:51Z	Python [82384]: 64-bit    Footprint: 62 GB (16384 bytes per page)
2026-07-19T10:49:22Z	Python [82384]: 64-bit    Footprint: 56 GB (16384 bytes per page)
2026-07-19T10:49:52Z	Python [82384]: 64-bit    Footprint: 41 GB (16384 bytes per page)
2026-07-19T10:50:22Z	Python [82384]: 64-bit    Footprint: 19 GB (16384 bytes per page)
2026-07-19T10:50:53Z	Python [82384]: 64-bit    Footprint: 56 GB (16384 bytes per page)
2026-07-19T10:51:25Z	Python [82384]: 64-bit    Footprint: 23 GB (16384 bytes per page)
2026-07-19T10:51:55Z	Python [82384]: 64-bit    Footprint: 41 GB (16384 bytes per page)
2026-07-19T10:52:25Z	Python [82384]: 64-bit    Footprint: 52 GB (16384 bytes per page)
2026-07-19T10:52:56Z	Python [82384]: 64-bit    Footprint: 41 GB (16384 bytes per page)
2026-07-19T10:53:26Z	Python [82384]: 64-bit    Footprint: 19 GB (16384 bytes per page)
2026-07-19T10:53:57Z	Python [82384]: 64-bit    Footprint: 57 GB (16384 bytes per page)
2026-07-19T10:54:27Z	Python [82384]: 64-bit    Footprint: 50 GB (16384 bytes per page)
2026-07-19T10:54:57Z	Python [82384]: 64-bit    Footprint: 44 GB (16384 bytes per page)
2026-07-19T10:55:28Z	Python [82384]: 64-bit    Footprint: 89 GB (16384 bytes per page)
2026-07-19T10:55:59Z	Python [82384]: 64-bit    Footprint: 80 GB (16384 bytes per page)
2026-07-19T10:56:29Z	Python [82384]: 64-bit    Footprint: 73 GB (16384 bytes per page)
2026-07-19T10:57:00Z	Python [82384]: 64-bit    Footprint: 66 GB (16384 bytes per page)
2026-07-19T10:57:30Z	Python [82384]: 64-bit    Footprint: 59 GB (16384 bytes per page)
2026-07-19T10:58:00Z	Python [82384]: 64-bit    Footprint: 52 GB (16384 bytes per page)
2026-07-19T10:58:31Z	Python [82384]: 64-bit    Footprint: 28 GB (16384 bytes per page)
2026-07-19T10:59:01Z	Python [82384]: 64-bit    Footprint: 26 GB (16384 bytes per page)
2026-07-19T10:59:31Z	Python [82384]: 64-bit    Footprint: 39 GB (16384 bytes per page)
2026-07-19T11:00:02Z	Python [82384]: 64-bit    Footprint: 23 GB (16384 bytes per page)
2026-07-19T11:00:32Z	Python [82384]: 64-bit    Footprint: 52 GB (16384 bytes per page)
2026-07-19T11:01:02Z	Python [82384]: 64-bit    Footprint: 42 GB (16384 bytes per page)
2026-07-19T11:01:33Z	Python [82384]: 64-bit    Footprint: 24 GB (16384 bytes per page)
2026-07-19T11:02:04Z	Python [82384]: 64-bit    Footprint: 59 GB (16384 bytes per page)
2026-07-19T11:02:36Z	Python [82384]: 64-bit    Footprint: 19 GB (16384 bytes per page)
2026-07-19T11:03:06Z	Python [82384]: 64-bit    Footprint: 32 GB (16384 bytes per page)
2026-07-19T11:03:37Z	Python [82384]: 64-bit    Footprint: 49 GB (16384 bytes per page)
2026-07-19T11:04:07Z	Python [82384]: 64-bit    Footprint: 44 GB (16384 bytes per page)
2026-07-19T11:04:39Z	Python [82384]: 64-bit    Footprint: 59 GB (16384 bytes per page)
2026-07-19T11:05:09Z	Python [82384]: 64-bit    Footprint: 27 GB (16384 bytes per page)
2026-07-19T11:05:41Z	Python [82384]: 64-bit    Footprint: 76 GB (16384 bytes per page)
2026-07-19T11:06:15Z	Python [82384]: 64-bit    Footprint: 67 GB (16384 bytes per page)
2026-07-19T11:06:45Z	Python [82384]: 64-bit    Footprint: 60 GB (16384 bytes per page)
2026-07-19T11:07:15Z	Python [82384]: 64-bit    Footprint: 54 GB (16384 bytes per page)
2026-07-19T11:07:46Z	Python [82384]: 64-bit    Footprint: 29 GB (16384 bytes per page)
2026-07-19T11:08:16Z	Python [82384]: 64-bit    Footprint: 41 GB (16384 bytes per page)
2026-07-19T11:08:46Z	Python [82384]: 64-bit    Footprint: 51 GB (16384 bytes per page)
2026-07-19T11:09:17Z	Python [82384]: 64-bit    Footprint: 39 GB (16384 bytes per page)
2026-07-19T11:09:47Z	Python [82384]: 64-bit    Footprint: 45 GB (16384 bytes per page)
2026-07-19T11:10:24Z	Python [82384]: 64-bit    Footprint: 67 GB (16384 bytes per page)
2026-07-19T11:10:56Z	Python [82384]: 64-bit    Footprint: 56 GB (16384 bytes per page)
2026-07-19T11:11:26Z	Python [82384]: 64-bit    Footprint: 45 GB (16384 bytes per page)
2026-07-19T11:11:57Z	Python [82384]: 64-bit    Footprint: 30 GB (16384 bytes per page)
2026-07-19T11:12:27Z	Python [82384]: 64-bit    Footprint: 18 GB (16384 bytes per page)
2026-07-19T11:12:57Z	Python [82384]: 64-bit    Footprint: 43 GB (16384 bytes per page)
2026-07-19T11:13:28Z	Python [82384]: 64-bit    Footprint: 21 GB (16384 bytes per page)
2026-07-19T11:13:58Z	Python [82384]: 64-bit    Footprint: 54 GB (16384 bytes per page)
2026-07-19T11:14:30Z	Python [82384]: 64-bit    Footprint: 19 GB (16384 bytes per page)
2026-07-19T11:15:00Z	Python [82384]: 64-bit    Footprint: 24 GB (16384 bytes per page)
2026-07-19T11:15:31Z	Python [82384]: 64-bit    Footprint: 25 GB (16384 bytes per page)
2026-07-19T11:16:01Z	Python [82384]: 64-bit    Footprint: 37 GB (16384 bytes per page)
2026-07-19T11:16:31Z	Python [82384]: 64-bit    Footprint: 41 GB (16384 bytes per page)
2026-07-19T11:17:02Z	Python [82384]: 64-bit    Footprint: 57 GB (16384 bytes per page)
2026-07-19T11:17:33Z	Python [82384]: 64-bit    Footprint: 50 GB (16384 bytes per page)
2026-07-19T11:18:03Z	Python [82384]: 64-bit    Footprint: 34 GB (16384 bytes per page)
2026-07-19T11:18:33Z	Python [82384]: 64-bit    Footprint: 23 GB (16384 bytes per page)
2026-07-19T11:19:04Z	Python [82384]: 64-bit    Footprint: 45 GB (16384 bytes per page)
2026-07-19T11:19:34Z	Python [82384]: 64-bit    Footprint: 41 GB (16384 bytes per page)
2026-07-19T11:20:04Z	Python [82384]: 64-bit    Footprint: 57 GB (16384 bytes per page)
2026-07-19T11:20:35Z	Python [82384]: 64-bit    Footprint: 27 GB (16384 bytes per page)
2026-07-19T11:21:06Z	Python [82384]: 64-bit    Footprint: 76 GB (16384 bytes per page)
2026-07-19T11:21:41Z	Python [82384]: 64-bit    Footprint: 68 GB (16384 bytes per page)
2026-07-19T11:22:12Z	Python [82384]: 64-bit    Footprint: 61 GB (16384 bytes per page)
2026-07-19T11:22:42Z	Python [82384]: 64-bit    Footprint: 55 GB (16384 bytes per page)
2026-07-19T11:23:12Z	Python [82384]: 64-bit    Footprint: 36 GB (16384 bytes per page)
2026-07-19T11:23:42Z	Python [82384]: 64-bit    Footprint: 42 GB (16384 bytes per page)
2026-07-19T11:24:19Z	Python [82384]: 64-bit    Footprint: 65 GB (16384 bytes per page)
2026-07-19T11:24:51Z	Python [82384]: 64-bit    Footprint: 53 GB (16384 bytes per page)
2026-07-19T11:25:21Z	Python [82384]: 64-bit    Footprint: 30 GB (16384 bytes per page)
2026-07-19T11:26:00Z	Python [82384]: 64-bit    Footprint: 93 GB (16384 bytes per page)
2026-07-19T11:26:35Z	Python [82384]: 64-bit    Footprint: 81 GB (16384 bytes per page)
2026-07-19T11:27:06Z	Python [82384]: 64-bit    Footprint: 74 GB (16384 bytes per page)
2026-07-19T11:27:36Z	Python [82384]: 64-bit    Footprint: 67 GB (16384 bytes per page)
2026-07-19T11:28:06Z	Python [82384]: 64-bit    Footprint: 60 GB (16384 bytes per page)
2026-07-19T11:28:36Z	Python [82384]: 64-bit    Footprint: 53 GB (16384 bytes per page)
2026-07-19T11:29:07Z	Python [82384]: 64-bit    Footprint: 21 GB (16384 bytes per page)
2026-07-19T11:29:37Z	Python [82384]: 64-bit    Footprint: 48 GB (16384 bytes per page)
2026-07-19T11:30:12Z	Python [82384]: 64-bit    Footprint: 62 GB (16384 bytes per page)
2026-07-19T11:30:43Z	Python [82384]: 64-bit    Footprint: 51 GB (16384 bytes per page)
2026-07-19T11:31:14Z	Python [82384]: 64-bit    Footprint: 33 GB (16384 bytes per page)
2026-07-19T11:31:44Z	Python [82384]: 64-bit    Footprint: 48 GB (16384 bytes per page)
2026-07-19T11:32:15Z	Python [82384]: 64-bit    Footprint: 27 GB (16384 bytes per page)
2026-07-19T11:32:45Z	Python [82384]: 64-bit    Footprint: 42 GB (16384 bytes per page)
2026-07-19T11:33:16Z	Python [82384]: 64-bit    Footprint: 33 GB (16384 bytes per page)
2026-07-19T11:33:46Z	Python [82384]: 64-bit    Footprint: 39 GB (16384 bytes per page)
2026-07-19T11:34:19Z	Python [82384]: 64-bit    Footprint: 62 GB (16384 bytes per page)
2026-07-19T11:34:51Z	Python [82384]: 64-bit    Footprint: 52 GB (16384 bytes per page)
2026-07-19T11:35:21Z	Python [82384]: 64-bit    Footprint: 24 GB (16384 bytes per page)
2026-07-19T11:35:58Z	Python [82384]: 64-bit    Footprint: 92 GB (16384 bytes per page)
2026-07-19T11:36:30Z	Python [82384]: 64-bit    Footprint: 79 GB (16384 bytes per page)
2026-07-19T11:37:01Z	Python [82384]: 64-bit    Footprint: 72 GB (16384 bytes per page)
2026-07-19T11:37:31Z	Python [82384]: 64-bit    Footprint: 66 GB (16384 bytes per page)
2026-07-19T11:38:01Z	Python [82384]: 64-bit    Footprint: 59 GB (16384 bytes per page)
2026-07-19T11:38:32Z	Python [82384]: 64-bit    Footprint: 51 GB (16384 bytes per page)
2026-07-19T11:39:03Z	Python [82384]: 64-bit    Footprint: 36 GB (16384 bytes per page)
2026-07-19T11:39:33Z	Python [82384]: 64-bit    Footprint: 19 GB (16384 bytes per page)
2026-07-19T11:40:03Z	Python [82384]: 64-bit    Footprint: 24 GB (16384 bytes per page)
2026-07-19T11:40:33Z	Python [82384]: 64-bit    Footprint: 29 GB (16384 bytes per page)
2026-07-19T11:41:04Z	Python [82384]: 64-bit    Footprint: 24 GB (16384 bytes per page)
2026-07-19T11:41:34Z	Python [82384]: 64-bit    Footprint: 21 GB (16384 bytes per page)
2026-07-19T11:42:04Z	Python [82384]: 64-bit    Footprint: 48 GB (16384 bytes per page)
2026-07-19T11:42:35Z	Python [82384]: 64-bit    Footprint: 79 GB (16384 bytes per page)
2026-07-19T11:43:24Z	Python [82384]: 64-bit    Footprint: 68 GB (16384 bytes per page)
2026-07-19T11:43:54Z	Python [82384]: 64-bit    Footprint: 61 GB (16384 bytes per page)
2026-07-19T11:44:24Z	Python [82384]: 64-bit    Footprint: 54 GB (16384 bytes per page)
2026-07-19T11:44:55Z	Python [82384]: 64-bit    Footprint: 36 GB (16384 bytes per page)
2026-07-19T11:45:25Z	Python [82384]: 64-bit    Footprint: 43 GB (16384 bytes per page)
2026-07-19T11:45:56Z	Python [82384]: 64-bit    Footprint: 49 GB (16384 bytes per page)
2026-07-19T11:46:26Z	Python [82384]: 64-bit    Footprint: 26 GB (16384 bytes per page)
2026-07-19T11:46:57Z	Python [82384]: 64-bit    Footprint: 47 GB (16384 bytes per page)
2026-07-19T11:47:27Z	Python [82384]: 64-bit    Footprint: 21 GB (16384 bytes per page)
2026-07-19T11:47:58Z	Python [82384]: 64-bit    Footprint: 47 GB (16384 bytes per page)
2026-07-19T11:48:28Z	Python [82384]: 64-bit    Footprint: 56 GB (16384 bytes per page)
2026-07-19T11:49:08Z	Python [82384]: 64-bit    Footprint: 53 GB (16384 bytes per page)
2026-07-19T11:49:38Z	Python [82384]: 64-bit    Footprint: 30 GB (16384 bytes per page)
2026-07-19T11:50:09Z	Python [82384]: 64-bit    Footprint: 29 GB (16384 bytes per page)
2026-07-19T11:50:39Z	Python [82384]: 64-bit    Footprint: 19 GB (16384 bytes per page)
2026-07-19T11:51:09Z	Python [82384]: 64-bit    Footprint: 19 GB (16384 bytes per page)
2026-07-19T11:51:40Z	Python [82384]: 64-bit    Footprint: 35 GB (16384 bytes per page)
2026-07-19T11:52:10Z	Python [82384]: 64-bit    Footprint: 43 GB (16384 bytes per page)
2026-07-19T11:52:41Z	Python [82384]: 64-bit    Footprint: 34 GB (16384 bytes per page)
2026-07-19T11:53:11Z	Python [82384]: 64-bit    Footprint: 23 GB (16384 bytes per page)
2026-07-19T11:53:41Z	Python [82384]: 64-bit    Footprint: 52 GB (16384 bytes per page)
2026-07-19T11:54:12Z	Python [82384]: 64-bit    Footprint: 19 GB (16384 bytes per page)
2026-07-19T11:54:42Z	Python [82384]: 64-bit    Footprint: 29 GB (16384 bytes per page)
2026-07-19T11:55:12Z	Python [82384]: 64-bit    Footprint: 34 GB (16384 bytes per page)
2026-07-19T11:55:43Z	Python [82384]: 64-bit    Footprint: 35 GB (16384 bytes per page)
2026-07-19T11:56:16Z	Python [82384]: 64-bit    Footprint: 61 GB (16384 bytes per page)
2026-07-19T11:56:47Z	Python [82384]: 64-bit    Footprint: 48 GB (16384 bytes per page)
2026-07-19T11:57:18Z	Python [82384]: 64-bit    Footprint: 34 GB (16384 bytes per page)
2026-07-19T11:57:48Z	Python [82384]: 64-bit    Footprint: 34 GB (16384 bytes per page)
2026-07-19T11:58:18Z	Python [82384]: 64-bit    Footprint: 62 GB (16384 bytes per page)
2026-07-19T11:58:49Z	Python [82384]: 64-bit    Footprint: 54 GB (16384 bytes per page)
2026-07-19T11:59:19Z	Python [82384]: 64-bit    Footprint: 34 GB (16384 bytes per page)
2026-07-19T11:59:49Z	Python [82384]: 64-bit    Footprint: 41 GB (16384 bytes per page)
2026-07-19T12:00:20Z	Python [82384]: 64-bit    Footprint: 41 GB (16384 bytes per page)
2026-07-19T12:00:50Z	Python [82384]: 64-bit    Footprint: 38 GB (16384 bytes per page)
2026-07-19T12:01:21Z	Python [82384]: 64-bit    Footprint: 52 GB (16384 bytes per page)
2026-07-19T12:01:51Z	Python [82384]: 64-bit    Footprint: 32 GB (16384 bytes per page)
2026-07-19T12:02:21Z	Python [82384]: 64-bit    Footprint: 45 GB (16384 bytes per page)
2026-07-19T12:02:52Z	Python [82384]: 64-bit    Footprint: 39 GB (16384 bytes per page)
2026-07-19T12:03:23Z	Python [82384]: 64-bit    Footprint: 30 GB (16384 bytes per page)
2026-07-19T12:03:53Z	Python [82384]: 64-bit    Footprint: 52 GB (16384 bytes per page)
2026-07-19T12:04:24Z	Python [82384]: 64-bit    Footprint: 24 GB (16384 bytes per page)
2026-07-19T12:04:54Z	Python [82384]: 64-bit    Footprint: 36 GB (16384 bytes per page)
2026-07-19T12:05:24Z	Python [82384]: 64-bit    Footprint: 51 GB (16384 bytes per page)
2026-07-19T12:05:55Z	Python [82384]: 64-bit    Footprint: 31 GB (16384 bytes per page)
2026-07-19T12:06:25Z	Python [82384]: 64-bit    Footprint: 43 GB (16384 bytes per page)
2026-07-19T12:06:56Z	Python [82384]: 64-bit    Footprint: 45 GB (16384 bytes per page)
2026-07-19T12:07:27Z	Python [82384]: 64-bit    Footprint: 56 GB (16384 bytes per page)
2026-07-19T12:07:58Z	Python [82384]: 64-bit    Footprint: 31 GB (16384 bytes per page)
2026-07-19T12:08:28Z	Python [82384]: 64-bit    Footprint: 68 GB (16384 bytes per page)
2026-07-19T12:08:59Z	Python [82384]: 64-bit    Footprint: 62 GB (16384 bytes per page)
2026-07-19T12:09:29Z	Python [82384]: 64-bit    Footprint: 55 GB (16384 bytes per page)
2026-07-19T12:09:59Z	Python [82384]: 64-bit    Footprint: 42 GB (16384 bytes per page)
2026-07-19T12:10:30Z	Python [82384]: 64-bit    Footprint: 19 GB (16384 bytes per page)
2026-07-19T12:11:00Z	Python [82384]: 64-bit    Footprint: 48 GB (16384 bytes per page)
2026-07-19T12:11:31Z	Python [82384]: 64-bit    Footprint: 19 GB (16384 bytes per page)
2026-07-19T12:12:01Z	Python [82384]: 64-bit    Footprint: 52 GB (16384 bytes per page)
2026-07-19T12:12:32Z	Python [82384]: 64-bit    Footprint: 29 GB (16384 bytes per page)
2026-07-19T12:13:02Z	Python [82384]: 64-bit    Footprint: 20 GB (16384 bytes per page)
2026-07-19T12:13:32Z	Python [82384]: 64-bit    Footprint: 50 GB (16384 bytes per page)
2026-07-19T12:14:03Z	Python [82384]: 64-bit    Footprint: 47 GB (16384 bytes per page)
2026-07-19T12:14:33Z	Python [82384]: 64-bit    Footprint: 27 GB (16384 bytes per page)
2026-07-19T12:15:04Z	Python [82384]: 64-bit    Footprint: 55 GB (16384 bytes per page)
2026-07-19T12:15:36Z	Python [82384]: 64-bit    Footprint: 45 GB (16384 bytes per page)
2026-07-19T12:16:07Z	Python [82384]: 64-bit    Footprint: 56 GB (16384 bytes per page)
2026-07-19T12:16:38Z	Python [82384]: 64-bit    Footprint: 85 GB (16384 bytes per page)
2026-07-19T12:17:09Z	Python [82384]: 64-bit    Footprint: 78 GB (16384 bytes per page)
2026-07-19T12:17:40Z	Python [82384]: 64-bit    Footprint: 72 GB (16384 bytes per page)
2026-07-19T12:18:10Z	Python [82384]: 64-bit    Footprint: 66 GB (16384 bytes per page)
2026-07-19T12:18:40Z	Python [82384]: 64-bit    Footprint: 59 GB (16384 bytes per page)
2026-07-19T12:19:10Z	Python [82384]: 64-bit    Footprint: 51 GB (16384 bytes per page)
2026-07-19T12:19:41Z	Python [82384]: 64-bit    Footprint: 35 GB (16384 bytes per page)
2026-07-19T12:20:12Z	Python [82384]: 64-bit    Footprint: 35 GB (16384 bytes per page)
2026-07-19T12:20:42Z	Python [82384]: 64-bit    Footprint: 53 GB (16384 bytes per page)
2026-07-19T12:21:13Z	Python [82384]: 64-bit    Footprint: 30 GB (16384 bytes per page)
2026-07-19T12:21:43Z	Python [82384]: 64-bit    Footprint: 46 GB (16384 bytes per page)
2026-07-19T12:22:14Z	Python [82384]: 64-bit    Footprint: 58 GB (16384 bytes per page)
2026-07-19T12:22:45Z	Python [82384]: 64-bit    Footprint: 37 GB (16384 bytes per page)
2026-07-19T12:23:15Z	Python [82384]: 64-bit    Footprint: 41 GB (16384 bytes per page)
2026-07-19T12:23:45Z	Python [82384]: 64-bit    Footprint: 39 GB (16384 bytes per page)
2026-07-19T12:24:16Z	Python [82384]: 64-bit    Footprint: 26 GB (16384 bytes per page)
2026-07-19T12:24:46Z	Python [82384]: 64-bit    Footprint: 53 GB (16384 bytes per page)
2026-07-19T12:25:16Z	Python [82384]: 64-bit    Footprint: 50 GB (16384 bytes per page)
2026-07-19T12:25:47Z	Python [82384]: 64-bit    Footprint: 36 GB (16384 bytes per page)
2026-07-19T12:26:17Z	Python [82384]: 64-bit    Footprint: 29 GB (16384 bytes per page)
2026-07-19T12:26:48Z	Python [82384]: 64-bit    Footprint: 52 GB (16384 bytes per page)
2026-07-19T12:27:18Z	Python [82384]: 64-bit    Footprint: 19 GB (16384 bytes per page)
2026-07-19T12:27:49Z	Python [82384]: 64-bit    Footprint: 19 GB (16384 bytes per page)
2026-07-19T12:28:19Z	Python [82384]: 64-bit    Footprint: 49 GB (16384 bytes per page)
2026-07-19T12:28:50Z	Python [82384]: 64-bit    Footprint: 52 GB (16384 bytes per page)
2026-07-19T12:29:20Z	Python [82384]: 64-bit    Footprint: 73 GB (16384 bytes per page)
2026-07-19T12:29:50Z	Python [82384]: 64-bit    Footprint: 66 GB (16384 bytes per page)
2026-07-19T12:30:21Z	Python [82384]: 64-bit    Footprint: 60 GB (16384 bytes per page)
2026-07-19T12:30:51Z	Python [82384]: 64-bit    Footprint: 53 GB (16384 bytes per page)
2026-07-19T12:31:21Z	Python [82384]: 64-bit    Footprint: 24 GB (16384 bytes per page)
2026-07-19T12:31:52Z	Python [82384]: 64-bit    Footprint: 41 GB (16384 bytes per page)
2026-07-19T12:32:22Z	Python [82384]: 64-bit    Footprint: 51 GB (16384 bytes per page)
2026-07-19T12:32:52Z	Python [82384]: 64-bit    Footprint: 25 GB (16384 bytes per page)
2026-07-19T12:33:23Z	Python [82384]: 64-bit    Footprint: 38 GB (16384 bytes per page)
2026-07-19T12:33:53Z	Python [82384]: 64-bit    Footprint: 53 GB (16384 bytes per page)
2026-07-19T12:34:24Z	Python [82384]: 64-bit    Footprint: 32 GB (16384 bytes per page)
2026-07-19T12:34:54Z	Python [82384]: 64-bit    Footprint: 37 GB (16384 bytes per page)
2026-07-19T12:35:25Z	Python [82384]: 64-bit    Footprint: 55 GB (16384 bytes per page)
2026-07-19T12:35:56Z	Python [82384]: 64-bit    Footprint: 50 GB (16384 bytes per page)
2026-07-19T12:36:26Z	Python [82384]: 64-bit    Footprint: 34 GB (16384 bytes per page)
2026-07-19T12:36:56Z	Python [82384]: 64-bit    Footprint: 40 GB (16384 bytes per page)
2026-07-19T12:37:27Z	Python [82384]: 64-bit    Footprint: 38 GB (16384 bytes per page)
2026-07-19T12:37:57Z	Python [82384]: 64-bit    Footprint: 32 GB (16384 bytes per page)
2026-07-19T12:38:28Z	Python [82384]: 64-bit    Footprint: 53 GB (16384 bytes per page)
2026-07-19T12:38:59Z	Python [82384]: 64-bit    Footprint: 28 GB (16384 bytes per page)
2026-07-19T12:39:29Z	Python [82384]: 64-bit    Footprint: 25 GB (16384 bytes per page)
2026-07-19T12:39:59Z	Python [82384]: 64-bit    Footprint: 19 GB (16384 bytes per page)
2026-07-19T12:40:29Z	Python [82384]: 64-bit    Footprint: 58 GB (16384 bytes per page)
2026-07-19T12:41:00Z	Python [82384]: 64-bit    Footprint: 51 GB (16384 bytes per page)
2026-07-19T12:41:31Z	Python [82384]: 64-bit    Footprint: 26 GB (16384 bytes per page)
2026-07-19T12:42:01Z	Python [82384]: 64-bit    Footprint: 47 GB (16384 bytes per page)
2026-07-19T12:42:31Z	Python [82384]: 64-bit    Footprint: 37 GB (16384 bytes per page)
2026-07-19T12:43:02Z	Python [82384]: 64-bit    Footprint: 60 GB (16384 bytes per page)
2026-07-19T12:43:33Z	Python [82384]: 64-bit    Footprint: 53 GB (16384 bytes per page)
2026-07-19T12:44:03Z	Python [82384]: 64-bit    Footprint: 31 GB (16384 bytes per page)
2026-07-19T12:44:33Z	Python [82384]: 64-bit    Footprint: 42 GB (16384 bytes per page)
2026-07-19T12:45:04Z	Python [82384]: 64-bit    Footprint: 52 GB (16384 bytes per page)
2026-07-19T12:45:34Z	Python [82384]: 64-bit    Footprint: 18 GB (16384 bytes per page)
2026-07-19T12:46:04Z	Python [82384]: 64-bit    Footprint: 31 GB (16384 bytes per page)
2026-07-19T12:46:35Z	Python [82384]: 64-bit    Footprint: 35 GB (16384 bytes per page)
2026-07-19T12:47:05Z	Python [82384]: 64-bit    Footprint: 44 GB (16384 bytes per page)
2026-07-19T12:47:36Z	Python [82384]: 64-bit    Footprint: 52 GB (16384 bytes per page)
2026-07-19T12:48:07Z	Python [82384]: 64-bit    Footprint: 26 GB (16384 bytes per page)
2026-07-19T12:48:38Z	Python [82384]: 64-bit    Footprint: 22 GB (16384 bytes per page)
2026-07-19T12:49:08Z	Python [82384]: 64-bit    Footprint: 19 GB (16384 bytes per page)
2026-07-19T12:49:38Z	Python [82384]: 64-bit    Footprint: 41 GB (16384 bytes per page)
2026-07-19T12:50:09Z	Python [82384]: 64-bit    Footprint: 57 GB (16384 bytes per page)
2026-07-19T12:50:40Z	Python [82384]: 64-bit    Footprint: 43 GB (16384 bytes per page)
2026-07-19T12:51:11Z	Python [82384]: 64-bit    Footprint: 29 GB (16384 bytes per page)
2026-07-19T12:51:41Z	Python [82384]: 64-bit    Footprint: 27 GB (16384 bytes per page)
2026-07-19T12:52:12Z	Python [82384]: 64-bit    Footprint: 56 GB (16384 bytes per page)
2026-07-19T12:52:43Z	Python [82384]: 64-bit    Footprint: 48 GB (16384 bytes per page)
2026-07-19T12:53:13Z	Python [82384]: 64-bit    Footprint: 35 GB (16384 bytes per page)
2026-07-19T12:53:44Z	Python [82384]: 64-bit    Footprint: 30 GB (16384 bytes per page)
2026-07-19T12:54:14Z	Python [82384]: 64-bit    Footprint: 53 GB (16384 bytes per page)
2026-07-19T12:54:45Z	Python [82384]: 64-bit    Footprint: 33 GB (16384 bytes per page)
2026-07-19T12:55:15Z	Python [82384]: 64-bit    Footprint: 35 GB (16384 bytes per page)
2026-07-19T12:55:46Z	Python [82384]: 64-bit    Footprint: 55 GB (16384 bytes per page)
2026-07-19T12:56:16Z	Python [82384]: 64-bit    Footprint: 47 GB (16384 bytes per page)
2026-07-19T12:56:47Z	Python [82384]: 64-bit    Footprint: 25 GB (16384 bytes per page)
2026-07-19T12:57:17Z	Python [82384]: 64-bit    Footprint: 40 GB (16384 bytes per page)
2026-07-19T12:57:48Z	Python [82384]: 64-bit    Footprint: 32 GB (16384 bytes per page)
2026-07-19T12:58:18Z	Python [82384]: 64-bit    Footprint: 19 GB (16384 bytes per page)
2026-07-19T12:58:48Z	Python [82384]: 64-bit    Footprint: 22 GB (16384 bytes per page)
2026-07-19T12:59:19Z	Python [82384]: 64-bit    Footprint: 58 GB (16384 bytes per page)
2026-07-19T12:59:49Z	Python [82384]: 64-bit    Footprint: 52 GB (16384 bytes per page)
2026-07-19T13:00:20Z	Python [82384]: 64-bit    Footprint: 23 GB (16384 bytes per page)
2026-07-19T13:00:50Z	Python [82384]: 64-bit    Footprint: 41 GB (16384 bytes per page)
2026-07-19T13:01:20Z	Python [82384]: 64-bit    Footprint: 59 GB (16384 bytes per page)
2026-07-19T13:01:51Z	Python [82384]: 64-bit    Footprint: 44 GB (16384 bytes per page)
2026-07-19T13:02:22Z	Python [82384]: 64-bit    Footprint: 21 GB (16384 bytes per page)
2026-07-19T13:02:52Z	Python [82384]: 64-bit    Footprint: 50 GB (16384 bytes per page)
2026-07-19T13:03:23Z	Python [82384]: 64-bit    Footprint: 22 GB (16384 bytes per page)
2026-07-19T13:03:53Z	Python [82384]: 64-bit    Footprint: 31 GB (16384 bytes per page)
2026-07-19T13:04:23Z	Python [82384]: 64-bit    Footprint: 32 GB (16384 bytes per page)
2026-07-19T13:04:54Z	Python [82384]: 64-bit    Footprint: 41 GB (16384 bytes per page)
2026-07-19T13:05:29Z	Python [82384]: 64-bit    Footprint: 58 GB (16384 bytes per page)
2026-07-19T13:06:01Z	Python [82384]: 64-bit    Footprint: 41 GB (16384 bytes per page)
2026-07-19T13:06:33Z	Python [82384]: 64-bit    Footprint: 26 GB (16384 bytes per page)
2026-07-19T13:07:03Z	Python [82384]: 64-bit    Footprint: 53 GB (16384 bytes per page)
2026-07-19T13:07:34Z	Python [82384]: 64-bit    Footprint: 34 GB (16384 bytes per page)
2026-07-19T13:08:04Z	Python [82384]: 64-bit    Footprint: 26 GB (16384 bytes per page)
2026-07-19T13:08:35Z	Python [82384]: 64-bit    Footprint: 51 GB (16384 bytes per page)
2026-07-19T13:09:05Z	Python [82384]: 64-bit    Footprint: 24 GB (16384 bytes per page)
2026-07-19T13:09:35Z	Python [82384]: 64-bit    Footprint: 40 GB (16384 bytes per page)
2026-07-19T13:10:06Z	Python [82384]: 64-bit    Footprint: 55 GB (16384 bytes per page)
2026-07-19T13:10:39Z	Python [82384]: 64-bit    Footprint: 41 GB (16384 bytes per page)
2026-07-19T13:11:10Z	Python [82384]: 64-bit    Footprint: 41 GB (16384 bytes per page)
2026-07-19T13:11:46Z	Python [82384]: 64-bit    Footprint: 36 GB (16384 bytes per page)
2026-07-19T13:12:17Z	Python [82384]: 64-bit    Footprint: 44 GB (16384 bytes per page)
2026-07-19T13:12:52Z	Python [82384]: 64-bit    Footprint: 52 GB (16384 bytes per page)
2026-07-19T13:13:28Z	Python [82384]: 64-bit    Footprint: 18 GB (16384 bytes per page)
2026-07-19T13:14:09Z	Python [82384]: 64-bit    Footprint: 48 GB (16384 bytes per page)
2026-07-19T13:14:59Z	Python [82384]: 64-bit    Footprint: 62 GB (16384 bytes per page)
2026-07-19T13:15:41Z	Python [82384]: 64-bit    Footprint: 55 GB (16384 bytes per page)
2026-07-19T13:16:12Z	Python [82384]: 64-bit    Footprint: 44 GB (16384 bytes per page)
2026-07-19T13:16:44Z	Python [82384]: 64-bit    Footprint: 41 GB (16384 bytes per page)
2026-07-19T13:17:15Z	Python [82384]: 64-bit    Footprint: 25 GB (16384 bytes per page)
2026-07-19T13:17:45Z	Python [82384]: 64-bit    Footprint: 41 GB (16384 bytes per page)
2026-07-19T13:18:15Z	Python [82384]: 64-bit    Footprint: 52 GB (16384 bytes per page)
2026-07-19T13:18:48Z	Python [82384]: 64-bit    Footprint: 69 GB (16384 bytes per page)
2026-07-19T13:19:20Z	Python [82384]: 64-bit    Footprint: 63 GB (16384 bytes per page)
2026-07-19T13:19:50Z	Python [82384]: 64-bit    Footprint: 56 GB (16384 bytes per page)
2026-07-19T13:20:21Z	Python [82384]: 64-bit    Footprint: 48 GB (16384 bytes per page)
2026-07-19T13:20:51Z	Python [82384]: 64-bit    Footprint: 28 GB (16384 bytes per page)
2026-07-19T13:21:21Z	Python [82384]: 64-bit    Footprint: 29 GB (16384 bytes per page)
2026-07-19T13:21:52Z	Python [82384]: 64-bit    Footprint: 38 GB (16384 bytes per page)
2026-07-19T13:22:22Z	Python [82384]: 64-bit    Footprint: 23 GB (16384 bytes per page)
2026-07-19T13:22:53Z	Python [82384]: 64-bit    Footprint: 19 GB (16384 bytes per page)
2026-07-19T13:23:23Z	Python [82384]: 64-bit    Footprint: 45 GB (16384 bytes per page)
2026-07-19T13:23:54Z	Python [82384]: 64-bit    Footprint: 41 GB (16384 bytes per page)
2026-07-19T13:24:24Z	Python [82384]: 64-bit    Footprint: 49 GB (16384 bytes per page)
2026-07-19T13:24:55Z	Python [82384]: 64-bit    Footprint: 39 GB (16384 bytes per page)
2026-07-19T13:25:28Z	Python [82384]: 64-bit    Footprint: 58 GB (16384 bytes per page)
2026-07-19T13:25:59Z	Python [82384]: 64-bit    Footprint: 52 GB (16384 bytes per page)
2026-07-19T13:26:30Z	Python [82384]: 64-bit    Footprint: 27 GB (16384 bytes per page)
2026-07-19T13:27:00Z	Python [82384]: 64-bit    Footprint: 40 GB (16384 bytes per page)
2026-07-19T13:27:31Z	Python [82384]: 64-bit    Footprint: 41 GB (16384 bytes per page)
2026-07-19T13:28:02Z	Python [82384]: 64-bit    Footprint: 36 GB (16384 bytes per page)
2026-07-19T13:28:34Z	Python [82384]: 64-bit    Footprint: 45 GB (16384 bytes per page)
2026-07-19T13:29:06Z	Python [82384]: 64-bit    Footprint: 53 GB (16384 bytes per page)
2026-07-19T13:29:48Z	Python [82384]: 64-bit    Footprint: 55 GB (16384 bytes per page)
2026-07-19T13:30:20Z	Python [82384]: 64-bit    Footprint: 41 GB (16384 bytes per page)
2026-07-19T13:30:52Z	Python [82384]: 64-bit    Footprint: 22 GB (16384 bytes per page)
2026-07-19T13:31:22Z	Python [82384]: 64-bit    Footprint: 57 GB (16384 bytes per page)
2026-07-19T13:31:53Z	Python [82384]: 64-bit    Footprint: 26 GB (16384 bytes per page)
2026-07-19T13:32:24Z	Python [82384]: 64-bit    Footprint: 18 GB (16384 bytes per page)
2026-07-19T13:32:54Z	Python [82384]: 64-bit    Footprint: 33 GB (16384 bytes per page)
2026-07-19T13:33:26Z	Python [82384]: 64-bit    Footprint: 32 GB (16384 bytes per page)
2026-07-19T13:33:56Z	Python [82384]: 64-bit    Footprint: 54 GB (16384 bytes per page)
2026-07-19T13:34:27Z	Python [82384]: 64-bit    Footprint: 33 GB (16384 bytes per page)
2026-07-19T13:34:57Z	Python [82384]: 64-bit    Footprint: 27 GB (16384 bytes per page)
2026-07-19T13:35:28Z	Python [82384]: 64-bit    Footprint: 42 GB (16384 bytes per page)
2026-07-19T13:36:09Z	Python [82384]: 64-bit    Footprint: 74 GB (16384 bytes per page)
2026-07-19T13:36:43Z	Python [82384]: 64-bit    Footprint: 64 GB (16384 bytes per page)
2026-07-19T13:37:13Z	Python [82384]: 64-bit    Footprint: 57 GB (16384 bytes per page)
2026-07-19T13:37:44Z	Python [82384]: 64-bit    Footprint: 51 GB (16384 bytes per page)
2026-07-19T13:38:14Z	Python [82384]: 64-bit    Footprint: 34 GB (16384 bytes per page)
2026-07-19T13:38:44Z	Python [82384]: 64-bit    Footprint: 39 GB (16384 bytes per page)
2026-07-19T13:39:15Z	Python [82384]: 64-bit    Footprint: 36 GB (16384 bytes per page)
2026-07-19T13:39:45Z	Python [82384]: 64-bit    Footprint: 25 GB (16384 bytes per page)
2026-07-19T13:40:17Z	Python [82384]: 64-bit    Footprint: 35 GB (16384 bytes per page)
2026-07-19T13:40:47Z	Python [82384]: 64-bit    Footprint: 19 GB (16384 bytes per page)
2026-07-19T13:41:17Z	Python [82384]: 64-bit    Footprint: 23 GB (16384 bytes per page)
2026-07-19T13:41:48Z	Python [82384]: 64-bit    Footprint: 60 GB (16384 bytes per page)
2026-07-19T13:42:19Z	Python [82384]: 64-bit    Footprint: 53 GB (16384 bytes per page)
2026-07-19T13:42:49Z	Python [82384]: 64-bit    Footprint: 26 GB (16384 bytes per page)
2026-07-19T13:43:19Z	Python [82384]: 64-bit    Footprint: 44 GB (16384 bytes per page)
2026-07-19T13:43:51Z	Python [82384]: 64-bit    Footprint: 58 GB (16384 bytes per page)
2026-07-19T13:44:22Z	Python [82384]: 64-bit    Footprint: 39 GB (16384 bytes per page)
2026-07-19T13:44:52Z	Python [82384]: 64-bit    Footprint: 25 GB (16384 bytes per page)
2026-07-19T13:45:23Z	Python [82384]: 64-bit    Footprint: 52 GB (16384 bytes per page)
2026-07-19T13:45:53Z	Python [82384]: 64-bit    Footprint: 46 GB (16384 bytes per page)
2026-07-19T13:46:24Z	Python [82384]: 64-bit    Footprint: 27 GB (16384 bytes per page)
2026-07-19T13:46:55Z	Python [82384]: 64-bit    Footprint: 38 GB (16384 bytes per page)
2026-07-19T13:47:25Z	Python [82384]: 64-bit    Footprint: 42 GB (16384 bytes per page)
2026-07-19T13:47:56Z	Python [82384]: 64-bit    Footprint: 50 GB (16384 bytes per page)
2026-07-19T13:48:26Z	Python [82384]: 64-bit    Footprint: 40 GB (16384 bytes per page)
2026-07-19T13:48:57Z	Python [82384]: 64-bit    Footprint: 40 GB (16384 bytes per page)
2026-07-19T13:49:28Z	Python [82384]: 64-bit    Footprint: 66 GB (16384 bytes per page)
2026-07-19T13:50:01Z	Python [82384]: 64-bit    Footprint: 55 GB (16384 bytes per page)
2026-07-19T13:50:31Z	Python [82384]: 64-bit    Footprint: 39 GB (16384 bytes per page)
2026-07-19T13:51:02Z	Python [82384]: 64-bit    Footprint: 41 GB (16384 bytes per page)
2026-07-19T13:51:33Z	Python [82384]: 64-bit    Footprint: 40 GB (16384 bytes per page)
2026-07-19T13:52:05Z	Python [82384]: 64-bit    Footprint: 33 GB (16384 bytes per page)
2026-07-19T13:52:39Z	Python [82384]: 64-bit    Footprint: 59 GB (16384 bytes per page)
2026-07-19T13:53:10Z	Python [82384]: 64-bit    Footprint: 39 GB (16384 bytes per page)
2026-07-19T13:53:41Z	Python [82384]: 64-bit    Footprint: 21 GB (16384 bytes per page)
2026-07-19T13:54:11Z	Python [82384]: 64-bit    Footprint: 25 GB (16384 bytes per page)
2026-07-19T13:54:42Z	Python [82384]: 64-bit    Footprint: 54 GB (16384 bytes per page)
2026-07-19T13:55:13Z	Python [82384]: 64-bit    Footprint: 40 GB (16384 bytes per page)
2026-07-19T13:55:43Z	Python [82384]: 64-bit    Footprint: 30 GB (16384 bytes per page)
2026-07-19T13:56:14Z	Python [82384]: 64-bit    Footprint: 54 GB (16384 bytes per page)
2026-07-19T13:56:45Z	Python [82384]: 64-bit    Footprint: 35 GB (16384 bytes per page)
2026-07-19T13:57:16Z	Python [82384]: 64-bit    Footprint: 19 GB (16384 bytes per page)
2026-07-19T13:57:46Z	Python [82384]: 64-bit    Footprint: 28 GB (16384 bytes per page)
2026-07-19T13:58:17Z	Python [82384]: 64-bit    Footprint: 41 GB (16384 bytes per page)
2026-07-19T13:58:48Z	Python [82384]: 64-bit    Footprint: 54 GB (16384 bytes per page)
2026-07-19T13:59:21Z	Python [82384]: 64-bit    Footprint: 32 GB (16384 bytes per page)
2026-07-19T13:59:51Z	Python [82384]: 64-bit    Footprint: 33 GB (16384 bytes per page)
2026-07-19T14:00:22Z	Python [82384]: 64-bit    Footprint: 26 GB (16384 bytes per page)
2026-07-19T14:00:52Z	Python [82384]: 64-bit    Footprint: 31 GB (16384 bytes per page)
2026-07-19T14:01:22Z	Python [82384]: 64-bit    Footprint: 30 GB (16384 bytes per page)
2026-07-19T14:01:53Z	Python [82384]: 64-bit    Footprint: 41 GB (16384 bytes per page)
2026-07-19T14:02:23Z	Python [82384]: 64-bit    Footprint: 51 GB (16384 bytes per page)
2026-07-19T14:02:54Z	Python [82384]: 64-bit    Footprint: 25 GB (16384 bytes per page)
2026-07-19T14:03:25Z	Python [82384]: 64-bit    Footprint: 31 GB (16384 bytes per page)
2026-07-19T14:03:55Z	Python [82384]: 64-bit    Footprint: 50 GB (16384 bytes per page)
2026-07-19T14:04:26Z	Python [82384]: 64-bit    Footprint: 34 GB (16384 bytes per page)
2026-07-19T14:04:57Z	Python [82384]: 64-bit    Footprint: 44 GB (16384 bytes per page)
2026-07-19T14:05:29Z	Python [82384]: 64-bit    Footprint: 38 GB (16384 bytes per page)
2026-07-19T14:05:59Z	Python [82384]: 64-bit    Footprint: 30 GB (16384 bytes per page)
2026-07-19T14:06:30Z	Python [82384]: 64-bit    Footprint: 49 GB (16384 bytes per page)
2026-07-19T14:07:01Z	Python [82384]: 64-bit    Footprint: 41 GB (16384 bytes per page)
2026-07-19T14:07:31Z	Python [82384]: 64-bit    Footprint: 50 GB (16384 bytes per page)
2026-07-19T14:08:03Z	Python [82384]: 64-bit    Footprint: 55 GB (16384 bytes per page)
2026-07-19T14:08:35Z	Python [82384]: 64-bit    Footprint: 64 GB (16384 bytes per page)
2026-07-19T14:09:05Z	Python [82384]: 64-bit    Footprint: 57 GB (16384 bytes per page)
2026-07-19T14:09:36Z	Python [82384]: 64-bit    Footprint: 49 GB (16384 bytes per page)
2026-07-19T14:10:07Z	Python [82384]: 64-bit    Footprint: 41 GB (16384 bytes per page)
2026-07-19T14:10:37Z	Python [82384]: 64-bit    Footprint: 41 GB (16384 bytes per page)
2026-07-19T14:11:10Z	Python [82384]: 64-bit    Footprint: 64 GB (16384 bytes per page)
2026-07-19T14:11:43Z	Python [82384]: 64-bit    Footprint: 53 GB (16384 bytes per page)
2026-07-19T14:12:13Z	Python [82384]: 64-bit    Footprint: 29 GB (16384 bytes per page)
2026-07-19T14:12:44Z	Python [82384]: 64-bit    Footprint: 45 GB (16384 bytes per page)
2026-07-19T14:13:15Z	Python [82384]: 64-bit    Footprint: 58 GB (16384 bytes per page)
2026-07-19T14:13:50Z	Python [82384]: 64-bit    Footprint: 32 GB (16384 bytes per page)
2026-07-19T14:14:21Z	Python [82384]: 64-bit    Footprint: 39 GB (16384 bytes per page)
2026-07-19T14:14:51Z	Python [82384]: 64-bit    Footprint: 40 GB (16384 bytes per page)
2026-07-19T14:15:22Z	Python [82384]: 64-bit    Footprint: 43 GB (16384 bytes per page)
2026-07-19T14:15:53Z	Python [82384]: 64-bit    Footprint: 47 GB (16384 bytes per page)
2026-07-19T14:16:25Z	Python [82384]: 64-bit    Footprint: 34 GB (16384 bytes per page)
2026-07-19T14:16:56Z	Python [82384]: 64-bit    Footprint: 42 GB (16384 bytes per page)
2026-07-19T14:17:27Z	Python [82384]: 64-bit    Footprint: 33 GB (16384 bytes per page)
2026-07-19T14:17:57Z	Python [82384]: 64-bit    Footprint: 52 GB (16384 bytes per page)
2026-07-19T14:18:28Z	Python [82384]: 64-bit    Footprint: 35 GB (16384 bytes per page)
2026-07-19T14:18:59Z	Python [82384]: 64-bit    Footprint: 23 GB (16384 bytes per page)
2026-07-19T14:19:29Z	Python [82384]: 64-bit    Footprint: 52 GB (16384 bytes per page)
2026-07-19T14:20:00Z	Python [82384]: 64-bit    Footprint: 21 GB (16384 bytes per page)
2026-07-19T14:20:31Z	Python [82384]: 64-bit    Footprint: 18 GB (16384 bytes per page)
2026-07-19T14:21:01Z	Python [82384]: 64-bit    Footprint: 36 GB (16384 bytes per page)
2026-07-19T14:21:31Z	Python [82384]: 64-bit    Footprint: 34 GB (16384 bytes per page)
2026-07-19T14:22:02Z	Python [82384]: 64-bit    Footprint: 54 GB (16384 bytes per page)
2026-07-19T14:22:33Z	Python [82384]: 64-bit    Footprint: 34 GB (16384 bytes per page)
2026-07-19T14:23:03Z	Python [82384]: 64-bit    Footprint: 41 GB (16384 bytes per page)
2026-07-19T14:23:33Z	Python [82384]: 64-bit    Footprint: 41 GB (16384 bytes per page)
2026-07-19T14:24:04Z	Python [82384]: 64-bit    Footprint: 38 GB (16384 bytes per page)
2026-07-19T14:24:34Z	Python [82384]: 64-bit    Footprint: 55 GB (16384 bytes per page)
2026-07-19T14:25:05Z	Python [82384]: 64-bit    Footprint: 24 GB (16384 bytes per page)
2026-07-19T14:25:39Z	Python [82384]: 64-bit    Footprint: 77 GB (16384 bytes per page)
2026-07-19T14:26:11Z	Python [82384]: 64-bit    Footprint: 68 GB (16384 bytes per page)
2026-07-19T14:26:41Z	Python [82384]: 64-bit    Footprint: 61 GB (16384 bytes per page)
2026-07-19T14:27:12Z	Python [82384]: 64-bit    Footprint: 55 GB (16384 bytes per page)
2026-07-19T14:27:42Z	Python [82384]: 64-bit    Footprint: 37 GB (16384 bytes per page)
2026-07-19T14:28:13Z	Python [82384]: 64-bit    Footprint: 28 GB (16384 bytes per page)
2026-07-19T14:28:43Z	Python [82384]: 64-bit    Footprint: 33 GB (16384 bytes per page)
2026-07-19T14:29:14Z	Python [82384]: 64-bit    Footprint: 67 GB (16384 bytes per page)
2026-07-19T14:29:45Z	Python [82384]: 64-bit    Footprint: 56 GB (16384 bytes per page)
2026-07-19T14:30:16Z	Python [82384]: 64-bit    Footprint: 47 GB (16384 bytes per page)
2026-07-19T14:30:46Z	Python [82384]: 64-bit    Footprint: 32 GB (16384 bytes per page)
2026-07-19T14:31:17Z	Python [82384]: 64-bit    Footprint: 22 GB (16384 bytes per page)
2026-07-19T14:31:48Z	Python [82384]: 64-bit    Footprint: 30 GB (16384 bytes per page)
2026-07-19T14:32:18Z	Python [82384]: 64-bit    Footprint: 36 GB (16384 bytes per page)
2026-07-19T14:32:48Z	Python [82384]: 64-bit    Footprint: 52 GB (16384 bytes per page)
2026-07-19T14:33:19Z	Python [82384]: 64-bit    Footprint: 50 GB (16384 bytes per page)
2026-07-19T14:33:50Z	Python [82384]: 64-bit    Footprint: 38 GB (16384 bytes per page)
2026-07-19T14:34:20Z	Python [82384]: 64-bit    Footprint: 29 GB (16384 bytes per page)
2026-07-19T14:34:51Z	Python [82384]: 64-bit    Footprint: 49 GB (16384 bytes per page)
2026-07-19T14:35:21Z	Python [82384]: 64-bit    Footprint: 31 GB (16384 bytes per page)
2026-07-19T14:35:52Z	Python [82384]: 64-bit    Footprint: 31 GB (16384 bytes per page)
2026-07-19T14:36:22Z	Python [82384]: 64-bit    Footprint: 34 GB (16384 bytes per page)
2026-07-19T14:36:52Z	Python [82384]: 64-bit    Footprint: 21 GB (16384 bytes per page)
2026-07-19T14:37:23Z	Python [82384]: 64-bit    Footprint: 21 GB (16384 bytes per page)
2026-07-19T14:37:53Z	Python [82384]: 64-bit    Footprint: 37 GB (16384 bytes per page)
2026-07-19T14:38:23Z	Python [82384]: 64-bit    Footprint: 50 GB (16384 bytes per page)
2026-07-19T14:38:54Z	Python [82384]: 64-bit    Footprint: 34 GB (16384 bytes per page)
2026-07-19T14:39:24Z	Python [82384]: 64-bit    Footprint: 37 GB (16384 bytes per page)
2026-07-19T14:39:55Z	Python [82384]: 64-bit    Footprint: 35 GB (16384 bytes per page)
2026-07-19T14:40:26Z	Python [82384]: 64-bit    Footprint: 21 GB (16384 bytes per page)
2026-07-19T14:40:56Z	Python [82384]: 64-bit    Footprint: 51 GB (16384 bytes per page)
2026-07-19T14:41:27Z	Python [82384]: 64-bit    Footprint: 31 GB (16384 bytes per page)
2026-07-19T14:41:57Z	Python [82384]: 64-bit    Footprint: 25 GB (16384 bytes per page)
2026-07-19T14:42:28Z	Python [82384]: 64-bit    Footprint: 32 GB (16384 bytes per page)
2026-07-19T14:42:58Z	Python [82384]: 64-bit    Footprint: 19 GB (16384 bytes per page)
2026-07-19T14:43:29Z	Python [82384]: 64-bit    Footprint: 19 GB (16384 bytes per page)
2026-07-19T14:43:59Z	Python [82384]: 64-bit    Footprint: 60 GB (16384 bytes per page)
2026-07-19T14:44:30Z	Python [82384]: 64-bit    Footprint: 53 GB (16384 bytes per page)
2026-07-19T14:45:00Z	Python [82384]: 64-bit    Footprint: 25 GB (16384 bytes per page)
2026-07-19T14:45:30Z	Python [82384]: 64-bit    Footprint: 32 GB (16384 bytes per page)
2026-07-19T14:46:03Z	Python [82384]: 64-bit    Footprint: 27 GB (16384 bytes per page)
2026-07-19T14:46:34Z	Python [82384]: 64-bit    Footprint: 33 GB (16384 bytes per page)
2026-07-19T14:47:04Z	Python [82384]: 64-bit    Footprint: 46 GB (16384 bytes per page)
2026-07-19T14:47:34Z	Python [82384]: 64-bit    Footprint: 24 GB (16384 bytes per page)
2026-07-19T14:48:05Z	Python [82384]: 64-bit    Footprint: 58 GB (16384 bytes per page)
2026-07-19T14:48:37Z	Python [82384]: 64-bit    Footprint: 25 GB (16384 bytes per page)
2026-07-19T14:49:08Z	Python [82384]: 64-bit    Footprint: 32 GB (16384 bytes per page)
2026-07-19T14:49:38Z	Python [82384]: 64-bit    Footprint: 32 GB (16384 bytes per page)
2026-07-19T14:50:08Z	Python [82384]: 64-bit    Footprint: 43 GB (16384 bytes per page)
2026-07-19T14:50:40Z	Python [82384]: 64-bit    Footprint: 59 GB (16384 bytes per page)
2026-07-19T14:51:12Z	Python [82384]: 64-bit    Footprint: 45 GB (16384 bytes per page)
2026-07-19T14:51:42Z	Python [82384]: 64-bit    Footprint: 24 GB (16384 bytes per page)
2026-07-19T14:52:13Z	Python [82384]: 64-bit    Footprint: 42 GB (16384 bytes per page)
2026-07-19T14:52:43Z	Python [82384]: 64-bit    Footprint: 40 GB (16384 bytes per page)
2026-07-19T14:53:13Z	Python [82384]: 64-bit    Footprint: 33 GB (16384 bytes per page)
2026-07-19T14:53:45Z	Python [82384]: 64-bit    Footprint: 42 GB (16384 bytes per page)
2026-07-19T14:54:21Z	Python [82384]: 64-bit    Footprint: 19 GB (16384 bytes per page)
2026-07-19T14:54:52Z	Python [82384]: 64-bit    Footprint: 19 GB (16384 bytes per page)
2026-07-19T14:55:22Z	Python [82384]: 64-bit    Footprint: 61 GB (16384 bytes per page)
2026-07-19T14:55:53Z	Python [82384]: 64-bit    Footprint: 54 GB (16384 bytes per page)
2026-07-19T14:56:23Z	Python [82384]: 64-bit    Footprint: 32 GB (16384 bytes per page)
2026-07-19T14:56:53Z	Python [82384]: 64-bit    Footprint: 39 GB (16384 bytes per page)
2026-07-19T14:57:24Z	Python [82384]: 64-bit    Footprint: 39 GB (16384 bytes per page)
2026-07-19T14:57:54Z	Python [82384]: 64-bit    Footprint: 43 GB (16384 bytes per page)
2026-07-19T14:58:26Z	Python [82384]: 64-bit    Footprint: 54 GB (16384 bytes per page)
2026-07-19T14:58:57Z	Python [82384]: 64-bit    Footprint: 18 GB (16384 bytes per page)
2026-07-19T14:59:28Z	Python [82384]: 64-bit    Footprint: 31 GB (16384 bytes per page)
2026-07-19T14:59:58Z	Python [82384]: 64-bit    Footprint: 34 GB (16384 bytes per page)
2026-07-19T15:00:28Z	Python [82384]: 64-bit    Footprint: 38 GB (16384 bytes per page)
2026-07-19T15:00:59Z	Python [82384]: 64-bit    Footprint: 37 GB (16384 bytes per page)
2026-07-19T15:01:29Z	Python [82384]: 64-bit    Footprint: 19 GB (16384 bytes per page)
2026-07-19T15:02:00Z	Python [82384]: 64-bit    Footprint: 19 GB (16384 bytes per page)
2026-07-19T15:02:30Z	Python [82384]: 64-bit    Footprint: 61 GB (16384 bytes per page)
2026-07-19T15:03:01Z	Python [82384]: 64-bit    Footprint: 54 GB (16384 bytes per page)
2026-07-19T15:03:31Z	Python [82384]: 64-bit    Footprint: 37 GB (16384 bytes per page)
2026-07-19T15:04:02Z	Python [82384]: 64-bit    Footprint: 39 GB (16384 bytes per page)
2026-07-19T15:04:33Z	Python [82384]: 64-bit    Footprint: 55 GB (16384 bytes per page)
2026-07-19T15:05:04Z	Python [82384]: 64-bit    Footprint: 25 GB (16384 bytes per page)
2026-07-19T15:05:34Z	Python [82384]: 64-bit    Footprint: 36 GB (16384 bytes per page)
2026-07-19T15:06:04Z	Python [82384]: 64-bit    Footprint: 49 GB (16384 bytes per page)
2026-07-19T15:06:35Z	Python [82384]: 64-bit    Footprint: 23 GB (16384 bytes per page)
2026-07-19T15:07:05Z	Python [82384]: 64-bit    Footprint: 50 GB (16384 bytes per page)
2026-07-19T15:07:37Z	Python [82384]: 64-bit    Footprint: 21 GB (16384 bytes per page)
2026-07-19T15:08:08Z	Python [82384]: 64-bit    Footprint: 54 GB (16384 bytes per page)
2026-07-19T15:08:41Z	Python [82384]: 64-bit    Footprint: 19 GB (16384 bytes per page)
2026-07-19T15:09:11Z	Python [82384]: 64-bit    Footprint: 30 GB (16384 bytes per page)
2026-07-19T15:09:42Z	Python [82384]: 64-bit    Footprint: 41 GB (16384 bytes per page)
2026-07-19T15:10:12Z	Python [82384]: 64-bit    Footprint: 26 GB (16384 bytes per page)
2026-07-19T15:10:44Z	Python [82384]: 64-bit    Footprint: 54 GB (16384 bytes per page)
2026-07-19T15:11:15Z	Python [82384]: 64-bit    Footprint: 24 GB (16384 bytes per page)
2026-07-19T15:11:46Z	Python [82384]: 64-bit    Footprint: 42 GB (16384 bytes per page)
2026-07-19T15:12:21Z	Python [82384]: 64-bit    Footprint: 60 GB (16384 bytes per page)
2026-07-19T15:12:55Z	Python [82384]: 64-bit    Footprint: 51 GB (16384 bytes per page)
2026-07-19T15:13:26Z	Python [82384]: 64-bit    Footprint: 28 GB (16384 bytes per page)
2026-07-19T15:13:58Z	Python [82384]: 64-bit    Footprint: 27 GB (16384 bytes per page)
2026-07-19T15:14:29Z	Python [82384]: 64-bit    Footprint: 47 GB (16384 bytes per page)
2026-07-19T15:15:01Z	Python [82384]: 64-bit    Footprint: 21 GB (16384 bytes per page)
2026-07-19T15:15:31Z	Python [82384]: 64-bit    Footprint: 47 GB (16384 bytes per page)
2026-07-19T15:16:02Z	Python [82384]: 64-bit    Footprint: 32 GB (16384 bytes per page)
2026-07-19T15:16:32Z	Python [82384]: 64-bit    Footprint: 31 GB (16384 bytes per page)
2026-07-19T15:17:02Z	Python [82384]: 64-bit    Footprint: 61 GB (16384 bytes per page)
2026-07-19T15:17:35Z	Python [82384]: 64-bit    Footprint: 53 GB (16384 bytes per page)
2026-07-19T15:18:06Z	Python [82384]: 64-bit    Footprint: 28 GB (16384 bytes per page)
2026-07-19T15:18:36Z	Python [82384]: 64-bit    Footprint: 41 GB (16384 bytes per page)
2026-07-19T15:19:06Z	Python [82384]: 64-bit    Footprint: 51 GB (16384 bytes per page)
2026-07-19T15:19:37Z	Python [82384]: 64-bit    Footprint: 30 GB (16384 bytes per page)
2026-07-19T15:20:08Z	Python [82384]: 64-bit    Footprint: 26 GB (16384 bytes per page)
2026-07-19T15:20:38Z	Python [82384]: 64-bit    Footprint: 50 GB (16384 bytes per page)
2026-07-19T15:21:09Z	Python [82384]: 64-bit    Footprint: 19 GB (16384 bytes per page)
2026-07-19T15:21:44Z	Python [82384]: 64-bit    Footprint: 78 GB (16384 bytes per page)
2026-07-19T15:22:22Z	Python [82384]: 64-bit    Footprint: 70 GB (16384 bytes per page)
2026-07-19T15:22:53Z	Python [82384]: 64-bit    Footprint: 63 GB (16384 bytes per page)
2026-07-19T15:23:23Z	Python [82384]: 64-bit    Footprint: 57 GB (16384 bytes per page)
2026-07-19T15:23:54Z	Python [82384]: 64-bit    Footprint: 52 GB (16384 bytes per page)
2026-07-19T15:24:24Z	Python [82384]: 64-bit    Footprint: 23 GB (16384 bytes per page)
2026-07-19T15:24:56Z	Python [82384]: 64-bit    Footprint: 19 GB (16384 bytes per page)
2026-07-19T15:25:28Z	Python [82384]: 64-bit    Footprint: 37 GB (16384 bytes per page)
2026-07-19T15:26:08Z	Python [82384]: 64-bit    Footprint: 66 GB (16384 bytes per page)
2026-07-19T15:26:48Z	Python [82384]: 64-bit    Footprint: 59 GB (16384 bytes per page)
2026-07-19T15:27:19Z	Python [82384]: 64-bit    Footprint: 53 GB (16384 bytes per page)
2026-07-19T15:27:49Z	Python [82384]: 64-bit    Footprint: 25 GB (16384 bytes per page)
2026-07-19T15:28:20Z	Python [82384]: 64-bit    Footprint: 39 GB (16384 bytes per page)
2026-07-19T15:28:55Z	Python [82384]: 64-bit    Footprint: 64 GB (16384 bytes per page)
2026-07-19T15:29:28Z	Python [82384]: 64-bit    Footprint: 53 GB (16384 bytes per page)
2026-07-19T15:29:59Z	Python [82384]: 64-bit    Footprint: 33 GB (16384 bytes per page)
2026-07-19T15:30:31Z	Python [82384]: 64-bit    Footprint: 91 GB (16384 bytes per page)
2026-07-19T15:31:20Z	Python [82384]: 64-bit    Footprint: 81 GB (16384 bytes per page)
2026-07-19T15:31:50Z	Python [82384]: 64-bit    Footprint: 74 GB (16384 bytes per page)
2026-07-19T15:32:20Z	Python [82384]: 64-bit    Footprint: 67 GB (16384 bytes per page)
2026-07-19T15:32:51Z	Python [82384]: 64-bit    Footprint: 60 GB (16384 bytes per page)
2026-07-19T15:33:21Z	Python [82384]: 64-bit    Footprint: 54 GB (16384 bytes per page)
2026-07-19T15:33:51Z	Python [82384]: 64-bit    Footprint: 29 GB (16384 bytes per page)
2026-07-19T15:34:22Z	Python [82384]: 64-bit    Footprint: 40 GB (16384 bytes per page)
2026-07-19T15:34:54Z	Python [82384]: 64-bit    Footprint: 41 GB (16384 bytes per page)
2026-07-19T15:35:25Z	Python [82384]: 64-bit    Footprint: 25 GB (16384 bytes per page)
2026-07-19T15:35:55Z	Python [82384]: 64-bit    Footprint: 23 GB (16384 bytes per page)
2026-07-19T15:36:26Z	Python [82384]: 64-bit    Footprint: 56 GB (16384 bytes per page)
2026-07-19T15:36:57Z	Python [82384]: 64-bit    Footprint: 45 GB (16384 bytes per page)
2026-07-19T15:37:27Z	Python [82384]: 64-bit    Footprint: 35 GB (16384 bytes per page)
2026-07-19T15:37:58Z	Python [82384]: 64-bit    Footprint: 35 GB (16384 bytes per page)
2026-07-19T15:38:28Z	Python [82384]: 64-bit    Footprint: 60 GB (16384 bytes per page)
2026-07-19T15:39:00Z	Python [82384]: 64-bit    Footprint: 51 GB (16384 bytes per page)
2026-07-19T15:39:30Z	Python [82384]: 64-bit    Footprint: 28 GB (16384 bytes per page)
2026-07-19T15:40:00Z	Python [82384]: 64-bit    Footprint: 35 GB (16384 bytes per page)
2026-07-19T15:40:31Z	Python [82384]: 64-bit    Footprint: 51 GB (16384 bytes per page)
2026-07-19T15:41:01Z	Python [82384]: 64-bit    Footprint: 41 GB (16384 bytes per page)
2026-07-19T15:41:32Z	Python [82384]: 64-bit    Footprint: 43 GB (16384 bytes per page)
2026-07-19T15:42:08Z	Python [82384]: 64-bit    Footprint: 67 GB (16384 bytes per page)
2026-07-19T15:42:40Z	Python [82384]: 64-bit    Footprint: 55 GB (16384 bytes per page)
2026-07-19T15:43:11Z	Python [82384]: 64-bit    Footprint: 42 GB (16384 bytes per page)
2026-07-19T15:43:41Z	Python [82384]: 64-bit    Footprint: 21 GB (16384 bytes per page)
2026-07-19T15:44:12Z	Python [82384]: 64-bit    Footprint: 42 GB (16384 bytes per page)
2026-07-19T15:44:42Z	Python [82384]: 64-bit    Footprint: 27 GB (16384 bytes per page)
2026-07-19T15:45:13Z	Python [82384]: 64-bit    Footprint: 54 GB (16384 bytes per page)
2026-07-19T15:45:43Z	Python [82384]: 64-bit    Footprint: 32 GB (16384 bytes per page)
2026-07-19T15:46:14Z	Python [82384]: 64-bit    Footprint: 35 GB (16384 bytes per page)
2026-07-19T15:46:44Z	Python [82384]: 64-bit    Footprint: 32 GB (16384 bytes per page)
2026-07-19T15:47:14Z	Python [82384]: 64-bit    Footprint: 37 GB (16384 bytes per page)
2026-07-19T15:47:45Z	Python [82384]: 64-bit    Footprint: 53 GB (16384 bytes per page)
2026-07-19T15:48:16Z	Python [82384]: 64-bit    Footprint: 21 GB (16384 bytes per page)
2026-07-19T15:48:46Z	Python [82384]: 64-bit    Footprint: 28 GB (16384 bytes per page)
2026-07-19T15:49:16Z	Python [82384]: 64-bit    Footprint: 24 GB (16384 bytes per page)
2026-07-19T15:49:47Z	Python [82384]: 64-bit    Footprint: 25 GB (16384 bytes per page)
2026-07-19T15:50:17Z	Python [82384]: 64-bit    Footprint: 49 GB (16384 bytes per page)
2026-07-19T15:50:48Z	Python [82384]: 64-bit    Footprint: 47 GB (16384 bytes per page)
2026-07-19T15:51:20Z	Python [82384]: 64-bit    Footprint: 73 GB (16384 bytes per page)
2026-07-19T15:51:51Z	Python [82384]: 64-bit    Footprint: 66 GB (16384 bytes per page)
2026-07-19T15:52:22Z	Python [82384]: 64-bit    Footprint: 59 GB (16384 bytes per page)
2026-07-19T15:52:52Z	Python [82384]: 64-bit    Footprint: 53 GB (16384 bytes per page)
2026-07-19T15:53:23Z	Python [82384]: 64-bit    Footprint: 22 GB (16384 bytes per page)
2026-07-19T15:53:53Z	Python [82384]: 64-bit    Footprint: 39 GB (16384 bytes per page)
2026-07-19T15:54:30Z	Python [82384]: 64-bit    Footprint: 65 GB (16384 bytes per page)
2026-07-19T15:55:03Z	Python [82384]: 64-bit    Footprint: 53 GB (16384 bytes per page)
2026-07-19T15:55:33Z	Python [82384]: 64-bit    Footprint: 36 GB (16384 bytes per page)
2026-07-19T15:56:15Z	Python [82384]: 64-bit    Footprint: 92 GB (16384 bytes per page)
2026-07-19T15:56:59Z	Python [82384]: 64-bit    Footprint: 81 GB (16384 bytes per page)
2026-07-19T15:57:30Z	Python [82384]: 64-bit    Footprint: 74 GB (16384 bytes per page)
2026-07-19T15:58:00Z	Python [82384]: 64-bit    Footprint: 67 GB (16384 bytes per page)
2026-07-19T15:58:31Z	Python [82384]: 64-bit    Footprint: 61 GB (16384 bytes per page)
2026-07-19T15:59:02Z	Python [82384]: 64-bit    Footprint: 54 GB (16384 bytes per page)
2026-07-19T15:59:32Z	Python [82384]: 64-bit    Footprint: 37 GB (16384 bytes per page)
2026-07-19T16:00:03Z	Python [82384]: 64-bit    Footprint: 25 GB (16384 bytes per page)
2026-07-19T16:00:34Z	Python [82384]: 64-bit    Footprint: 19 GB (16384 bytes per page)
2026-07-19T16:01:04Z	Python [82384]: 64-bit    Footprint: 41 GB (16384 bytes per page)
2026-07-19T16:01:35Z	Python [82384]: 64-bit    Footprint: 21 GB (16384 bytes per page)
2026-07-19T16:02:05Z	Python [82384]: 64-bit    Footprint: 41 GB (16384 bytes per page)
2026-07-19T16:02:36Z	Python [82384]: 64-bit    Footprint: 48 GB (16384 bytes per page)
2026-07-19T16:03:08Z	Python [82384]: 64-bit    Footprint: 23 GB (16384 bytes per page)
2026-07-19T16:03:38Z	Python [82384]: 64-bit    Footprint: 38 GB (16384 bytes per page)
2026-07-19T16:04:08Z	Python [82384]: 64-bit    Footprint: 24 GB (16384 bytes per page)
2026-07-19T16:04:38Z	Python [82384]: 64-bit    Footprint: 45 GB (16384 bytes per page)
2026-07-19T16:05:09Z	Python [82384]: 64-bit    Footprint: 71 GB (16384 bytes per page)
2026-07-19T16:05:39Z	Python [82384]: 64-bit    Footprint: 62 GB (16384 bytes per page)
2026-07-19T16:06:09Z	Python [82384]: 64-bit    Footprint: 52 GB (16384 bytes per page)
2026-07-19T16:06:39Z	Python [82384]: 64-bit    Footprint: 46 GB (16384 bytes per page)
2026-07-19T16:07:10Z	Python [82384]: 64-bit    Footprint: 51 GB (16384 bytes per page)
2026-07-19T16:07:41Z	Python [82384]: 64-bit    Footprint: 30 GB (16384 bytes per page)
2026-07-19T16:08:11Z	Python [82384]: 64-bit    Footprint: 41 GB (16384 bytes per page)
2026-07-19T16:08:41Z	Python [82384]: 64-bit    Footprint: 33 GB (16384 bytes per page)
2026-07-19T16:09:11Z	Python [82384]: 64-bit    Footprint: 44 GB (16384 bytes per page)
2026-07-19T16:09:41Z	Python [82384]: 64-bit    Footprint: 57 GB (16384 bytes per page)
2026-07-19T16:10:12Z	Python [82384]: 64-bit    Footprint: 41 GB (16384 bytes per page)
2026-07-19T16:10:42Z	Python [82384]: 64-bit    Footprint: 34 GB (16384 bytes per page)
2026-07-19T16:11:12Z	Python [82384]: 64-bit    Footprint: 29 GB (16384 bytes per page)
2026-07-19T16:11:43Z	Python [82384]: 64-bit    Footprint: 51 GB (16384 bytes per page)
2026-07-19T16:12:13Z	Python [82384]: 64-bit    Footprint: 19 GB (16384 bytes per page)
2026-07-19T16:12:43Z	Python [82384]: 64-bit    Footprint: 34 GB (16384 bytes per page)
2026-07-19T16:13:13Z	Python [82384]: 64-bit    Footprint: 51 GB (16384 bytes per page)
2026-07-19T16:13:44Z	Python [82384]: 64-bit    Footprint: 37 GB (16384 bytes per page)
2026-07-19T16:14:14Z	Python [82384]: 64-bit    Footprint: 53 GB (16384 bytes per page)
2026-07-19T16:14:45Z	Python [82384]: 64-bit    Footprint: 20 GB (16384 bytes per page)
2026-07-19T16:15:15Z	Python [82384]: 64-bit    Footprint: 50 GB (16384 bytes per page)
2026-07-19T16:15:46Z	Python [82384]: 64-bit    Footprint: 31 GB (16384 bytes per page)
2026-07-19T16:16:16Z	Python [82384]: 64-bit    Footprint: 33 GB (16384 bytes per page)
2026-07-19T16:16:46Z	Python [82384]: 64-bit    Footprint: 22 GB (16384 bytes per page)
2026-07-19T16:17:17Z	Python [82384]: 64-bit    Footprint: 56 GB (16384 bytes per page)
2026-07-19T16:17:50Z	Python [82384]: 64-bit    Footprint: 27 GB (16384 bytes per page)
2026-07-19T16:18:20Z	Python [82384]: 64-bit    Footprint: 49 GB (16384 bytes per page)
2026-07-19T16:18:53Z	Python [82384]: 64-bit    Footprint: 73 GB (16384 bytes per page)
2026-07-19T16:19:25Z	Python [82384]: 64-bit    Footprint: 63 GB (16384 bytes per page)
2026-07-19T16:19:55Z	Python [82384]: 64-bit    Footprint: 54 GB (16384 bytes per page)
2026-07-19T16:20:25Z	Python [82384]: 64-bit    Footprint: 29 GB (16384 bytes per page)
2026-07-19T16:20:55Z	Python [82384]: 64-bit    Footprint: 51 GB (16384 bytes per page)
2026-07-19T16:21:26Z	Python [82384]: 64-bit    Footprint: 45 GB (16384 bytes per page)
2026-07-19T16:21:56Z	Python [82384]: 64-bit    Footprint: 52 GB (16384 bytes per page)
2026-07-19T16:22:27Z	Python [82384]: 64-bit    Footprint: 44 GB (16384 bytes per page)
2026-07-19T16:22:57Z	Python [82384]: 64-bit    Footprint: 49 GB (16384 bytes per page)
2026-07-19T16:23:28Z	Python [82384]: 64-bit    Footprint: 43 GB (16384 bytes per page)
2026-07-19T16:23:58Z	Python [82384]: 64-bit    Footprint: 22 GB (16384 bytes per page)
2026-07-19T16:24:28Z	Python [82384]: 64-bit    Footprint: 34 GB (16384 bytes per page)
2026-07-19T16:24:59Z	Python [82384]: 64-bit    Footprint: 45 GB (16384 bytes per page)
2026-07-19T16:25:30Z	Python [82384]: 64-bit    Footprint: 25 GB (16384 bytes per page)
2026-07-19T16:26:01Z	Python [82384]: 64-bit    Footprint: 43 GB (16384 bytes per page)
2026-07-19T16:26:31Z	Python [82384]: 64-bit    Footprint: 54 GB (16384 bytes per page)
2026-07-19T16:27:04Z	Python [82384]: 64-bit    Footprint: 28 GB (16384 bytes per page)
2026-07-19T16:27:35Z	Python [82384]: 64-bit    Footprint: 33 GB (16384 bytes per page)
2026-07-19T16:28:05Z	Python [82384]: 64-bit    Footprint: 43 GB (16384 bytes per page)
2026-07-19T16:28:36Z	Python [82384]: 64-bit    Footprint: 39 GB (16384 bytes per page)
2026-07-19T16:29:06Z	Python [82384]: 64-bit    Footprint: 24 GB (16384 bytes per page)
2026-07-19T16:29:37Z	Python [82384]: 64-bit    Footprint: 19 GB (16384 bytes per page)
2026-07-19T16:30:07Z	Python [82384]: 64-bit    Footprint: 41 GB (16384 bytes per page)
2026-07-19T16:30:38Z	Python [82384]: 64-bit    Footprint: 48 GB (16384 bytes per page)
2026-07-19T16:31:09Z	Python [82384]: 64-bit    Footprint: 22 GB (16384 bytes per page)
2026-07-19T16:31:39Z	Python [82384]: 64-bit    Footprint: 50 GB (16384 bytes per page)
2026-07-19T16:32:10Z	Python [82384]: 64-bit    Footprint: 19 GB (16384 bytes per page)
2026-07-19T16:32:44Z	Python [82384]: 64-bit    Footprint: 80 GB (16384 bytes per page)
2026-07-19T16:33:18Z	Python [82384]: 64-bit    Footprint: 70 GB (16384 bytes per page)
2026-07-19T16:33:49Z	Python [82384]: 64-bit    Footprint: 63 GB (16384 bytes per page)
2026-07-19T16:34:20Z	Python [82384]: 64-bit    Footprint: 57 GB (16384 bytes per page)
2026-07-19T16:34:50Z	Python [82384]: 64-bit    Footprint: 48 GB (16384 bytes per page)
2026-07-19T16:35:21Z	Python [82384]: 64-bit    Footprint: 36 GB (16384 bytes per page)
2026-07-19T16:35:52Z	Python [82384]: 64-bit    Footprint: 21 GB (16384 bytes per page)
2026-07-19T16:36:22Z	Python [82384]: 64-bit    Footprint: 38 GB (16384 bytes per page)
2026-07-19T16:36:53Z	Python [82384]: 64-bit    Footprint: 35 GB (16384 bytes per page)
2026-07-19T16:37:23Z	Python [82384]: 64-bit    Footprint: 57 GB (16384 bytes per page)
2026-07-19T16:37:55Z	Python [82384]: 64-bit    Footprint: 26 GB (16384 bytes per page)
2026-07-19T16:38:25Z	Python [82384]: 64-bit    Footprint: 46 GB (16384 bytes per page)
2026-07-19T16:38:57Z	Python [82384]: 64-bit    Footprint: 59 GB (16384 bytes per page)
2026-07-19T16:39:29Z	Python [82384]: 64-bit    Footprint: 40 GB (16384 bytes per page)
2026-07-19T16:39:59Z	Python [82384]: 64-bit    Footprint: 19 GB (16384 bytes per page)
2026-07-19T16:40:30Z	Python [82384]: 64-bit    Footprint: 46 GB (16384 bytes per page)
2026-07-19T16:41:01Z	Python [82384]: 64-bit    Footprint: 41 GB (16384 bytes per page)
2026-07-19T16:41:32Z	Python [82384]: 64-bit    Footprint: 19 GB (16384 bytes per page)
2026-07-19T16:42:02Z	Python [82384]: 64-bit    Footprint: 54 GB (16384 bytes per page)
2026-07-19T16:42:33Z	Python [82384]: 64-bit    Footprint: 29 GB (16384 bytes per page)
2026-07-19T16:43:03Z	Python [82384]: 64-bit    Footprint: 25 GB (16384 bytes per page)
2026-07-19T16:43:33Z	Python [82384]: 64-bit    Footprint: 39 GB (16384 bytes per page)
2026-07-19T16:44:11Z	Python [82384]: 64-bit    Footprint: 74 GB (16384 bytes per page)
2026-07-19T16:44:44Z	Python [82384]: 64-bit    Footprint: 63 GB (16384 bytes per page)
2026-07-19T16:45:15Z	Python [82384]: 64-bit    Footprint: 56 GB (16384 bytes per page)
2026-07-19T16:45:45Z	Python [82384]: 64-bit    Footprint: 43 GB (16384 bytes per page)
2026-07-19T16:46:16Z	Python [82384]: 64-bit    Footprint: 30 GB (16384 bytes per page)
2026-07-19T16:46:46Z	Python [82384]: 64-bit    Footprint: 18 GB (16384 bytes per page)
2026-07-19T16:47:16Z	Python [82384]: 64-bit    Footprint: 50 GB (16384 bytes per page)
2026-07-19T16:47:48Z	Python [82384]: 64-bit    Footprint: 42 GB (16384 bytes per page)
2026-07-19T16:48:19Z	Python [82384]: 64-bit    Footprint: 56 GB (16384 bytes per page)
2026-07-19T16:48:50Z	Python [82384]: 64-bit    Footprint: 25 GB (16384 bytes per page)
2026-07-19T16:49:20Z	Python [82384]: 64-bit    Footprint: 69 GB (16384 bytes per page)
2026-07-19T16:49:51Z	Python [82384]: 64-bit    Footprint: 62 GB (16384 bytes per page)
2026-07-19T16:50:21Z	Python [82384]: 64-bit    Footprint: 55 GB (16384 bytes per page)
2026-07-19T16:50:52Z	Python [82384]: 64-bit    Footprint: 41 GB (16384 bytes per page)
2026-07-19T16:51:22Z	Python [82384]: 64-bit    Footprint: 39 GB (16384 bytes per page)
2026-07-19T16:51:53Z	Python [82384]: 64-bit    Footprint: 46 GB (16384 bytes per page)
2026-07-19T16:52:23Z	Python [82384]: 64-bit    Footprint: 58 GB (16384 bytes per page)
2026-07-19T16:53:05Z	Python [82384]: 64-bit    Footprint: 61 GB (16384 bytes per page)
2026-07-19T16:53:36Z	Python [82384]: 64-bit    Footprint: 54 GB (16384 bytes per page)
2026-07-19T16:54:06Z	Python [82384]: 64-bit    Footprint: 32 GB (16384 bytes per page)
2026-07-19T16:54:37Z	Python [82384]: 64-bit    Footprint: 43 GB (16384 bytes per page)
2026-07-19T16:55:07Z	Python [82384]: 64-bit    Footprint: 52 GB (16384 bytes per page)
2026-07-19T16:55:38Z	Python [82384]: 64-bit    Footprint: 36 GB (16384 bytes per page)
2026-07-19T16:56:08Z	Python [82384]: 64-bit    Footprint: 37 GB (16384 bytes per page)
2026-07-19T16:56:39Z	Python [82384]: 64-bit    Footprint: 54 GB (16384 bytes per page)
2026-07-19T16:57:11Z	Python [82384]: 64-bit    Footprint: 33 GB (16384 bytes per page)
2026-07-19T16:57:42Z	Python [82384]: 64-bit    Footprint: 42 GB (16384 bytes per page)
2026-07-19T16:58:12Z	Python [82384]: 64-bit    Footprint: 52 GB (16384 bytes per page)
2026-07-19T16:58:44Z	Python [82384]: 64-bit    Footprint: 27 GB (16384 bytes per page)
2026-07-19T16:59:14Z	Python [82384]: 64-bit    Footprint: 49 GB (16384 bytes per page)
2026-07-19T16:59:45Z	Python [82384]: 64-bit    Footprint: 54 GB (16384 bytes per page)
2026-07-19T17:00:15Z	Python [82384]: 64-bit    Footprint: 56 GB (16384 bytes per page)
2026-07-19T17:00:46Z	Python [82384]: 64-bit    Footprint: 48 GB (16384 bytes per page)
2026-07-19T17:01:17Z	Python [82384]: 64-bit    Footprint: 38 GB (16384 bytes per page)
2026-07-19T17:01:47Z	Python [82384]: 64-bit    Footprint: 40 GB (16384 bytes per page)
2026-07-19T17:02:19Z	Python [82384]: 64-bit    Footprint: 65 GB (16384 bytes per page)
2026-07-19T17:02:52Z	Python [82384]: 64-bit    Footprint: 53 GB (16384 bytes per page)
2026-07-19T17:03:23Z	Python [82384]: 64-bit    Footprint: 32 GB (16384 bytes per page)
2026-07-19T17:03:53Z	Python [82384]: 64-bit    Footprint: 44 GB (16384 bytes per page)
2026-07-19T17:04:24Z	Python [82384]: 64-bit    Footprint: 54 GB (16384 bytes per page)
2026-07-19T17:04:56Z	Python [82384]: 64-bit    Footprint: 21 GB (16384 bytes per page)
2026-07-19T17:05:27Z	Python [82384]: 64-bit    Footprint: 41 GB (16384 bytes per page)
2026-07-19T17:05:57Z	Python [82384]: 64-bit    Footprint: 54 GB (16384 bytes per page)
2026-07-19T17:06:28Z	Python [82384]: 64-bit    Footprint: 19 GB (16384 bytes per page)
2026-07-19T17:06:59Z	Python [82384]: 64-bit    Footprint: 32 GB (16384 bytes per page)
2026-07-19T17:07:29Z	Python [82384]: 64-bit    Footprint: 41 GB (16384 bytes per page)
2026-07-19T17:08:00Z	Python [82384]: 64-bit    Footprint: 23 GB (16384 bytes per page)
2026-07-19T17:08:30Z	Python [82384]: 64-bit    Footprint: 26 GB (16384 bytes per page)
2026-07-19T17:09:01Z	Python [82384]: 64-bit    Footprint: 51 GB (16384 bytes per page)
2026-07-19T17:09:32Z	Python [82384]: 64-bit    Footprint: 24 GB (16384 bytes per page)
2026-07-19T17:10:02Z	Python [82384]: 64-bit    Footprint: 29 GB (16384 bytes per page)
2026-07-19T17:10:33Z	Python [82384]: 64-bit    Footprint: 36 GB (16384 bytes per page)
2026-07-19T17:11:03Z	Python [82384]: 64-bit    Footprint: 28 GB (16384 bytes per page)
2026-07-19T17:11:33Z	Python [82384]: 64-bit    Footprint: 37 GB (16384 bytes per page)
2026-07-19T17:12:05Z	Python [82384]: 64-bit    Footprint: 72 GB (16384 bytes per page)
2026-07-19T17:12:37Z	Python [82384]: 64-bit    Footprint: 61 GB (16384 bytes per page)
2026-07-19T17:13:08Z	Python [82384]: 64-bit    Footprint: 55 GB (16384 bytes per page)
2026-07-19T17:13:38Z	Python [82384]: 64-bit    Footprint: 40 GB (16384 bytes per page)
2026-07-19T17:14:09Z	Python [82384]: 64-bit    Footprint: 30 GB (16384 bytes per page)
2026-07-19T17:14:39Z	Python [82384]: 64-bit    Footprint: 58 GB (16384 bytes per page)
2026-07-19T17:15:10Z	Python [82384]: 64-bit    Footprint: 23 GB (16384 bytes per page)
2026-07-19T17:15:40Z	Python [82384]: 64-bit    Footprint: 43 GB (16384 bytes per page)
2026-07-19T17:16:10Z	Python [82384]: 64-bit    Footprint: 57 GB (16384 bytes per page)
2026-07-19T17:16:41Z	Python [82384]: 64-bit    Footprint: 33 GB (16384 bytes per page)
2026-07-19T17:17:12Z	Python [82384]: 64-bit    Footprint: 40 GB (16384 bytes per page)
2026-07-19T17:17:43Z	Python [82384]: 64-bit    Footprint: 60 GB (16384 bytes per page)
2026-07-19T17:18:14Z	Python [82384]: 64-bit    Footprint: 36 GB (16384 bytes per page)
2026-07-19T17:18:44Z	Python [82384]: 64-bit    Footprint: 37 GB (16384 bytes per page)
2026-07-19T17:19:15Z	Python [82384]: 64-bit    Footprint: 30 GB (16384 bytes per page)
2026-07-19T17:19:45Z	Python [82384]: 64-bit    Footprint: 39 GB (16384 bytes per page)
2026-07-19T17:20:15Z	Python [82384]: 64-bit    Footprint: 48 GB (16384 bytes per page)
2026-07-19T17:20:46Z	Python [82384]: 64-bit    Footprint: 24 GB (16384 bytes per page)
2026-07-19T17:21:16Z	Python [82384]: 64-bit    Footprint: 50 GB (16384 bytes per page)
2026-07-19T17:21:46Z	Python [82384]: 64-bit    Footprint: 19 GB (16384 bytes per page)
2026-07-19T17:22:17Z	Python [82384]: 64-bit    Footprint: 31 GB (16384 bytes per page)
2026-07-19T17:22:47Z	Python [82384]: 64-bit    Footprint: 61 GB (16384 bytes per page)
2026-07-19T17:23:18Z	Python [82384]: 64-bit    Footprint: 52 GB (16384 bytes per page)
2026-07-19T17:23:48Z	Python [82384]: 64-bit    Footprint: 26 GB (16384 bytes per page)
2026-07-19T17:24:28Z	Python [82384]: 64-bit    Footprint: 92 GB (16384 bytes per page)
2026-07-19T17:24:59Z	Python [82384]: 64-bit    Footprint: 81 GB (16384 bytes per page)
2026-07-19T17:25:30Z	Python [82384]: 64-bit    Footprint: 74 GB (16384 bytes per page)
2026-07-19T17:26:00Z	Python [82384]: 64-bit    Footprint: 67 GB (16384 bytes per page)
2026-07-19T17:26:31Z	Python [82384]: 64-bit    Footprint: 60 GB (16384 bytes per page)
2026-07-19T17:27:01Z	Python [82384]: 64-bit    Footprint: 53 GB (16384 bytes per page)
2026-07-19T17:27:31Z	Python [82384]: 64-bit    Footprint: 21 GB (16384 bytes per page)
2026-07-19T17:28:02Z	Python [82384]: 64-bit    Footprint: 26 GB (16384 bytes per page)
2026-07-19T17:28:32Z	Python [82384]: 64-bit    Footprint: 21 GB (16384 bytes per page)
2026-07-19T17:29:02Z	Python [82384]: 64-bit    Footprint: 48 GB (16384 bytes per page)
2026-07-19T17:29:33Z	Python [82384]: 64-bit    Footprint: 58 GB (16384 bytes per page)
2026-07-19T17:30:09Z	Python [82384]: 64-bit    Footprint: 51 GB (16384 bytes per page)
2026-07-19T17:30:39Z	Python [82384]: 64-bit    Footprint: 34 GB (16384 bytes per page)
2026-07-19T17:31:10Z	Python [82384]: 64-bit    Footprint: 44 GB (16384 bytes per page)
2026-07-19T17:31:40Z	Python [82384]: 64-bit    Footprint: 35 GB (16384 bytes per page)
2026-07-19T17:32:10Z	Python [82384]: 64-bit    Footprint: 31 GB (16384 bytes per page)
2026-07-19T17:32:42Z	Python [82384]: 64-bit    Footprint: 54 GB (16384 bytes per page)
2026-07-19T17:33:13Z	Python [82384]: 64-bit    Footprint: 38 GB (16384 bytes per page)
2026-07-19T17:33:44Z	Python [82384]: 64-bit    Footprint: 29 GB (16384 bytes per page)
2026-07-19T17:34:14Z	Python [82384]: 64-bit    Footprint: 58 GB (16384 bytes per page)
2026-07-19T17:34:53Z	Python [82384]: 64-bit    Footprint: 31 GB (16384 bytes per page)
2026-07-19T17:35:23Z	Python [82384]: 64-bit    Footprint: 43 GB (16384 bytes per page)
2026-07-19T17:35:54Z	Python [82384]: 64-bit    Footprint: 59 GB (16384 bytes per page)
2026-07-19T17:36:25Z	Python [82384]: 64-bit    Footprint: 35 GB (16384 bytes per page)
2026-07-19T17:36:56Z	Python [82384]: 64-bit    Footprint: 41 GB (16384 bytes per page)
2026-07-19T17:37:29Z	Python [82384]: 64-bit    Footprint: 64 GB (16384 bytes per page)
2026-07-19T17:38:01Z	Python [82384]: 64-bit    Footprint: 52 GB (16384 bytes per page)
2026-07-19T17:38:31Z	Python [82384]: 64-bit    Footprint: 25 GB (16384 bytes per page)
2026-07-19T17:39:11Z	Python [82384]: 64-bit    Footprint: 91 GB (16384 bytes per page)
2026-07-19T17:39:42Z	Python [82384]: 64-bit    Footprint: 80 GB (16384 bytes per page)
2026-07-19T17:40:13Z	Python [82384]: 64-bit    Footprint: 73 GB (16384 bytes per page)
2026-07-19T17:40:43Z	Python [82384]: 64-bit    Footprint: 66 GB (16384 bytes per page)
2026-07-19T17:41:14Z	Python [82384]: 64-bit    Footprint: 59 GB (16384 bytes per page)
2026-07-19T17:41:44Z	Python [82384]: 64-bit    Footprint: 53 GB (16384 bytes per page)
2026-07-19T17:42:14Z	Python [82384]: 64-bit    Footprint: 23 GB (16384 bytes per page)
2026-07-19T17:42:44Z	Python [82384]: 64-bit    Footprint: 39 GB (16384 bytes per page)
2026-07-19T17:43:15Z	Python [82384]: 64-bit    Footprint: 19 GB (16384 bytes per page)
2026-07-19T17:43:45Z	Python [82384]: 64-bit    Footprint: 65 GB (16384 bytes per page)
2026-07-19T17:44:16Z	Python [82384]: 64-bit    Footprint: 58 GB (16384 bytes per page)
2026-07-19T17:44:46Z	Python [82384]: 64-bit    Footprint: 51 GB (16384 bytes per page)
2026-07-19T17:45:16Z	Python [82384]: 64-bit    Footprint: 27 GB (16384 bytes per page)
2026-07-19T17:45:47Z	Python [82384]: 64-bit    Footprint: 36 GB (16384 bytes per page)
2026-07-19T17:46:17Z	Python [82384]: 64-bit    Footprint: 26 GB (16384 bytes per page)
2026-07-19T17:46:47Z	Python [82384]: 64-bit    Footprint: 74 GB (16384 bytes per page)
2026-07-19T17:47:19Z	Python [82384]: 64-bit    Footprint: 63 GB (16384 bytes per page)
2026-07-19T17:47:49Z	Python [82384]: 64-bit    Footprint: 57 GB (16384 bytes per page)
2026-07-19T17:48:19Z	Python [82384]: 64-bit    Footprint: 50 GB (16384 bytes per page)
2026-07-19T17:48:50Z	Python [82384]: 64-bit    Footprint: 32 GB (16384 bytes per page)
2026-07-19T17:49:20Z	Python [82384]: 64-bit    Footprint: 32 GB (16384 bytes per page)
2026-07-19T17:49:50Z	Python [82384]: 64-bit    Footprint: 20 GB (16384 bytes per page)
2026-07-19T17:50:21Z	Python [82384]: 64-bit    Footprint: 23 GB (16384 bytes per page)
2026-07-19T17:50:51Z	Python [82384]: 64-bit    Footprint: 19 GB (16384 bytes per page)
2026-07-19T17:51:21Z	Python [82384]: 64-bit    Footprint: 31 GB (16384 bytes per page)
2026-07-19T17:51:52Z	Python [82384]: 64-bit    Footprint: 50 GB (16384 bytes per page)
2026-07-19T17:52:23Z	Python [82384]: 64-bit    Footprint: 41 GB (16384 bytes per page)
2026-07-19T17:52:53Z	Python [82384]: 64-bit    Footprint: 46 GB (16384 bytes per page)
2026-07-19T17:53:24Z	Python [82384]: 64-bit    Footprint: 58 GB (16384 bytes per page)
2026-07-19T17:54:03Z	Python [82384]: 64-bit    Footprint: 60 GB (16384 bytes per page)
2026-07-19T17:54:34Z	Python [82384]: 64-bit    Footprint: 53 GB (16384 bytes per page)
2026-07-19T17:55:04Z	Python [82384]: 64-bit    Footprint: 30 GB (16384 bytes per page)
2026-07-19T17:55:34Z	Python [82384]: 64-bit    Footprint: 31 GB (16384 bytes per page)
2026-07-19T17:56:04Z	Python [82384]: 64-bit    Footprint: 41 GB (16384 bytes per page)
2026-07-19T17:56:35Z	Python [82384]: 64-bit    Footprint: 53 GB (16384 bytes per page)
2026-07-19T17:57:05Z	Python [82384]: 64-bit    Footprint: 33 GB (16384 bytes per page)
2026-07-19T17:57:36Z	Python [82384]: 64-bit    Footprint: 27 GB (16384 bytes per page)
2026-07-19T17:58:06Z	Python [82384]: 64-bit    Footprint: 40 GB (16384 bytes per page)
2026-07-19T17:58:43Z	Python [82384]: 64-bit    Footprint: 74 GB (16384 bytes per page)
2026-07-19T17:59:16Z	Python [82384]: 64-bit    Footprint: 64 GB (16384 bytes per page)
2026-07-19T17:59:46Z	Python [82384]: 64-bit    Footprint: 57 GB (16384 bytes per page)
2026-07-19T18:00:17Z	Python [82384]: 64-bit    Footprint: 48 GB (16384 bytes per page)
2026-07-19T18:00:47Z	Python [82384]: 64-bit    Footprint: 34 GB (16384 bytes per page)
2026-07-19T18:01:18Z	Python [82384]: 64-bit    Footprint: 25 GB (16384 bytes per page)
2026-07-19T18:01:48Z	Python [82384]: 64-bit    Footprint: 51 GB (16384 bytes per page)
2026-07-19T18:02:18Z	Python [82384]: 64-bit    Footprint: 33 GB (16384 bytes per page)
2026-07-19T18:02:49Z	Python [82384]: 64-bit    Footprint: 22 GB (16384 bytes per page)
2026-07-19T18:03:19Z	Python [82384]: 64-bit    Footprint: 57 GB (16384 bytes per page)
2026-07-19T18:03:49Z	Python [82384]: 64-bit    Footprint: 51 GB (16384 bytes per page)
2026-07-19T18:04:20Z	Python [82384]: 64-bit    Footprint: 24 GB (16384 bytes per page)
2026-07-19T18:04:52Z	Python [82384]: 64-bit    Footprint: 91 GB (16384 bytes per page)
2026-07-19T18:05:23Z	Python [82384]: 64-bit    Footprint: 80 GB (16384 bytes per page)
2026-07-19T18:05:54Z	Python [82384]: 64-bit    Footprint: 73 GB (16384 bytes per page)
2026-07-19T18:06:24Z	Python [82384]: 64-bit    Footprint: 66 GB (16384 bytes per page)
2026-07-19T18:06:54Z	Python [82384]: 64-bit    Footprint: 59 GB (16384 bytes per page)
2026-07-19T18:07:25Z	Python [82384]: 64-bit    Footprint: 53 GB (16384 bytes per page)
2026-07-19T18:07:55Z	Python [82384]: 64-bit    Footprint: 19 GB (16384 bytes per page)
2026-07-19T18:08:25Z	Python [82384]: 64-bit    Footprint: 19 GB (16384 bytes per page)
2026-07-19T18:08:55Z	Python [82384]: 64-bit    Footprint: 47 GB (16384 bytes per page)
2026-07-19T18:09:26Z	Python [82384]: 64-bit    Footprint: 56 GB (16384 bytes per page)
2026-07-19T18:09:56Z	Python [82384]: 64-bit    Footprint: 71 GB (16384 bytes per page)
2026-07-19T18:10:27Z	Python [82384]: 64-bit    Footprint: 65 GB (16384 bytes per page)
2026-07-19T18:10:57Z	Python [82384]: 64-bit    Footprint: 58 GB (16384 bytes per page)
2026-07-19T18:11:27Z	Python [82384]: 64-bit    Footprint: 52 GB (16384 bytes per page)
2026-07-19T18:11:58Z	Python [82384]: 64-bit    Footprint: 38 GB (16384 bytes per page)
2026-07-19T18:12:28Z	Python [82384]: 64-bit    Footprint: 23 GB (16384 bytes per page)
2026-07-19T18:12:58Z	Python [82384]: 64-bit    Footprint: 37 GB (16384 bytes per page)
2026-07-19T18:13:28Z	Python [82384]: 64-bit    Footprint: 33 GB (16384 bytes per page)
2026-07-19T18:13:59Z	Python [82384]: 64-bit    Footprint: 58 GB (16384 bytes per page)
2026-07-19T18:14:30Z	Python [82384]: 64-bit    Footprint: 22 GB (16384 bytes per page)
2026-07-19T18:15:01Z	Python [82384]: 64-bit    Footprint: 21 GB (16384 bytes per page)
2026-07-19T18:15:31Z	Python [82384]: 64-bit    Footprint: 30 GB (16384 bytes per page)
2026-07-19T18:16:01Z	Python [82384]: 64-bit    Footprint: 28 GB (16384 bytes per page)
2026-07-19T18:16:32Z	Python [82384]: 64-bit    Footprint: 45 GB (16384 bytes per page)
2026-07-19T18:17:02Z	Python [82384]: 64-bit    Footprint: 20 GB (16384 bytes per page)
2026-07-19T18:17:33Z	Python [82384]: 64-bit    Footprint: 57 GB (16384 bytes per page)
2026-07-19T18:18:04Z	Python [82384]: 64-bit    Footprint: 35 GB (16384 bytes per page)
2026-07-19T18:18:34Z	Python [82384]: 64-bit    Footprint: 20 GB (16384 bytes per page)
2026-07-19T18:19:04Z	Python [82384]: 64-bit    Footprint: 22 GB (16384 bytes per page)
2026-07-19T18:19:35Z	Python [82384]: 64-bit    Footprint: 41 GB (16384 bytes per page)
2026-07-19T18:20:05Z	Python [82384]: 64-bit    Footprint: 54 GB (16384 bytes per page)
2026-07-19T18:20:36Z	Python [82384]: 64-bit    Footprint: 26 GB (16384 bytes per page)
2026-07-19T18:21:06Z	Python [82384]: 64-bit    Footprint: 24 GB (16384 bytes per page)
2026-07-19T18:21:36Z	Python [82384]: 64-bit    Footprint: 22 GB (16384 bytes per page)
2026-07-19T18:22:07Z	Python [82384]: 64-bit    Footprint: 29 GB (16384 bytes per page)
2026-07-19T18:22:37Z	Python [82384]: 64-bit    Footprint: 40 GB (16384 bytes per page)
2026-07-19T18:23:07Z	Python [82384]: 64-bit    Footprint: 33 GB (16384 bytes per page)
2026-07-19T18:23:38Z	Python [82384]: 64-bit    Footprint: 55 GB (16384 bytes per page)
2026-07-19T18:24:08Z	Python [82384]: 64-bit    Footprint: 37 GB (16384 bytes per page)
2026-07-19T18:24:39Z	Python [82384]: 64-bit    Footprint: 22 GB (16384 bytes per page)
2026-07-19T18:25:09Z	Python [82384]: 64-bit    Footprint: 36 GB (16384 bytes per page)
2026-07-19T18:25:39Z	Python [82384]: 64-bit    Footprint: 41 GB (16384 bytes per page)
2026-07-19T18:26:10Z	Python [82384]: 64-bit    Footprint: 38 GB (16384 bytes per page)
2026-07-19T18:26:40Z	Python [82384]: 64-bit    Footprint: 41 GB (16384 bytes per page)
2026-07-19T18:27:11Z	Python [82384]: 64-bit    Footprint: 44 GB (16384 bytes per page)
2026-07-19T18:27:41Z	Python [82384]: 64-bit    Footprint: 27 GB (16384 bytes per page)
2026-07-19T18:28:11Z	Python [82384]: 64-bit    Footprint: 58 GB (16384 bytes per page)
2026-07-19T18:28:42Z	Python [82384]: 64-bit    Footprint: 19 GB (16384 bytes per page)
2026-07-19T18:29:12Z	Python [82384]: 64-bit    Footprint: 47 GB (16384 bytes per page)
2026-07-19T18:29:42Z	Python [82384]: 64-bit    Footprint: 51 GB (16384 bytes per page)
2026-07-19T18:30:13Z	Python [82384]: 64-bit    Footprint: 55 GB (16384 bytes per page)
2026-07-19T18:30:44Z	Python [82384]: 64-bit    Footprint: 44 GB (16384 bytes per page)
2026-07-19T18:31:14Z	Python [82384]: 64-bit    Footprint: 40 GB (16384 bytes per page)
2026-07-19T18:31:45Z	Python [82384]: 64-bit    Footprint: 49 GB (16384 bytes per page)
2026-07-19T18:32:15Z	Python [82384]: 64-bit    Footprint: 49 GB (16384 bytes per page)
2026-07-19T18:32:46Z	Python [82384]: 64-bit    Footprint: 67 GB (16384 bytes per page)
2026-07-19T18:33:16Z	Python [82384]: 64-bit    Footprint: 60 GB (16384 bytes per page)
2026-07-19T18:33:47Z	Python [82384]: 64-bit    Footprint: 54 GB (16384 bytes per page)
2026-07-19T18:34:17Z	Python [82384]: 64-bit    Footprint: 30 GB (16384 bytes per page)
2026-07-19T18:34:48Z	Python [82384]: 64-bit    Footprint: 41 GB (16384 bytes per page)
2026-07-19T18:35:18Z	Python [82384]: 64-bit    Footprint: 44 GB (16384 bytes per page)
2026-07-19T18:35:49Z	Python [82384]: 64-bit    Footprint: 19 GB (16384 bytes per page)
2026-07-19T18:36:19Z	Python [82384]: 64-bit    Footprint: 56 GB (16384 bytes per page)
2026-07-19T18:36:51Z	Python [82384]: 64-bit    Footprint: 34 GB (16384 bytes per page)
2026-07-19T18:37:22Z	Python [82384]: 64-bit    Footprint: 35 GB (16384 bytes per page)
2026-07-19T18:37:52Z	Python [82384]: 64-bit    Footprint: 39 GB (16384 bytes per page)
2026-07-19T18:38:22Z	Python [82384]: 64-bit    Footprint: 44 GB (16384 bytes per page)
2026-07-19T18:38:57Z	Python [82384]: 64-bit    Footprint: 65 GB (16384 bytes per page)
2026-07-19T18:39:29Z	Python [82384]: 64-bit    Footprint: 54 GB (16384 bytes per page)
2026-07-19T18:40:00Z	Python [82384]: 64-bit    Footprint: 36 GB (16384 bytes per page)
2026-07-19T18:40:30Z	Python [82384]: 64-bit    Footprint: 43 GB (16384 bytes per page)
2026-07-19T18:41:01Z	Python [82384]: 64-bit    Footprint: 50 GB (16384 bytes per page)
2026-07-19T18:41:31Z	Python [82384]: 64-bit    Footprint: 28 GB (16384 bytes per page)
2026-07-19T18:42:01Z	Python [82384]: 64-bit    Footprint: 41 GB (16384 bytes per page)
2026-07-19T18:42:32Z	Python [82384]: 64-bit    Footprint: 26 GB (16384 bytes per page)
2026-07-19T18:43:02Z	Python [82384]: 64-bit    Footprint: 35 GB (16384 bytes per page)
2026-07-19T18:43:33Z	Python [82384]: 64-bit    Footprint: 45 GB (16384 bytes per page)
2026-07-19T18:44:03Z	Python [82384]: 64-bit    Footprint: 32 GB (16384 bytes per page)
2026-07-19T18:44:33Z	Python [82384]: 64-bit    Footprint: 31 GB (16384 bytes per page)
2026-07-19T18:45:04Z	Python [82384]: 64-bit    Footprint: 59 GB (16384 bytes per page)
2026-07-19T18:45:35Z	Python [82384]: 64-bit    Footprint: 52 GB (16384 bytes per page)
2026-07-19T18:46:05Z	Python [82384]: 64-bit    Footprint: 22 GB (16384 bytes per page)
2026-07-19T18:46:35Z	Python [82384]: 64-bit    Footprint: 41 GB (16384 bytes per page)
2026-07-19T18:47:05Z	Python [82384]: 64-bit    Footprint: 56 GB (16384 bytes per page)
2026-07-19T18:47:36Z	Python [82384]: 64-bit    Footprint: 32 GB (16384 bytes per page)
2026-07-19T18:48:07Z	Python [82384]: 64-bit    Footprint: 26 GB (16384 bytes per page)
2026-07-19T18:48:37Z	Python [82384]: 64-bit    Footprint: 26 GB (16384 bytes per page)
2026-07-19T18:49:08Z	Python [82384]: 64-bit    Footprint: 58 GB (16384 bytes per page)
2026-07-19T18:49:38Z	Python [82384]: 64-bit    Footprint: 51 GB (16384 bytes per page)
2026-07-19T18:50:08Z	Python [82384]: 64-bit    Footprint: 32 GB (16384 bytes per page)
2026-07-19T18:50:39Z	Python [82384]: 64-bit    Footprint: 35 GB (16384 bytes per page)
2026-07-19T18:51:09Z	Python [82384]: 64-bit    Footprint: 53 GB (16384 bytes per page)
2026-07-19T18:51:40Z	Python [82384]: 64-bit    Footprint: 26 GB (16384 bytes per page)
2026-07-19T18:52:10Z	Python [82384]: 64-bit    Footprint: 31 GB (16384 bytes per page)
2026-07-19T18:52:40Z	Python [82384]: 64-bit    Footprint: 41 GB (16384 bytes per page)
2026-07-19T18:53:11Z	Python [82384]: 64-bit    Footprint: 50 GB (16384 bytes per page)
2026-07-19T18:53:41Z	Python [82384]: 64-bit    Footprint: 21 GB (16384 bytes per page)
2026-07-19T18:54:11Z	Python [82384]: 64-bit    Footprint: 68 GB (16384 bytes per page)
2026-07-19T18:54:42Z	Python [82384]: 64-bit    Footprint: 62 GB (16384 bytes per page)
2026-07-19T18:55:12Z	Python [82384]: 64-bit    Footprint: 55 GB (16384 bytes per page)
2026-07-19T18:55:42Z	Python [82384]: 64-bit    Footprint: 41 GB (16384 bytes per page)
2026-07-19T18:56:13Z	Python [82384]: 64-bit    Footprint: 22 GB (16384 bytes per page)
2026-07-19T18:56:43Z	Python [82384]: 64-bit    Footprint: 39 GB (16384 bytes per page)
2026-07-19T18:57:13Z	Python [82384]: 64-bit    Footprint: 48 GB (16384 bytes per page)
2026-07-19T18:57:44Z	Python [82384]: 64-bit    Footprint: 24 GB (16384 bytes per page)
2026-07-19T18:58:14Z	Python [82384]: 64-bit    Footprint: 49 GB (16384 bytes per page)
2026-07-19T18:58:45Z	Python [82384]: 64-bit    Footprint: 19 GB (16384 bytes per page)
2026-07-19T18:59:15Z	Python [82384]: 64-bit    Footprint: 47 GB (16384 bytes per page)
2026-07-19T18:59:45Z	Python [82384]: 64-bit    Footprint: 59 GB (16384 bytes per page)
2026-07-19T19:00:20Z	Python [82384]: 64-bit    Footprint: 51 GB (16384 bytes per page)
2026-07-19T19:00:50Z	Python [82384]: 64-bit    Footprint: 27 GB (16384 bytes per page)
2026-07-19T19:01:20Z	Python [82384]: 64-bit    Footprint: 29 GB (16384 bytes per page)
2026-07-19T19:01:51Z	Python [82384]: 64-bit    Footprint: 40 GB (16384 bytes per page)
2026-07-19T19:02:21Z	Python [82384]: 64-bit    Footprint: 42 GB (16384 bytes per page)
2026-07-19T19:02:54Z	Python [82384]: 64-bit    Footprint: 66 GB (16384 bytes per page)
2026-07-19T19:03:25Z	Python [82384]: 64-bit    Footprint: 53 GB (16384 bytes per page)
2026-07-19T19:03:55Z	Python [82384]: 64-bit    Footprint: 29 GB (16384 bytes per page)
2026-07-19T19:04:26Z	Python [82384]: 64-bit    Footprint: 43 GB (16384 bytes per page)
2026-07-19T19:04:56Z	Python [82384]: 64-bit    Footprint: 53 GB (16384 bytes per page)
2026-07-19T19:05:27Z	Python [82384]: 64-bit    Footprint: 26 GB (16384 bytes per page)
2026-07-19T19:05:57Z	Python [82384]: 64-bit    Footprint: 51 GB (16384 bytes per page)
2026-07-19T19:06:27Z	Python [82384]: 64-bit    Footprint: 50 GB (16384 bytes per page)
2026-07-19T19:06:58Z	Python [82384]: 64-bit    Footprint: 59 GB (16384 bytes per page)
2026-07-19T19:07:29Z	Python [82384]: 64-bit    Footprint: 53 GB (16384 bytes per page)
2026-07-19T19:07:59Z	Python [82384]: 64-bit    Footprint: 27 GB (16384 bytes per page)
2026-07-19T19:08:29Z	Python [82384]: 64-bit    Footprint: 19 GB (16384 bytes per page)
2026-07-19T19:09:00Z	Python [82384]: 64-bit    Footprint: 32 GB (16384 bytes per page)
2026-07-19T19:09:31Z	Python [82384]: 64-bit    Footprint: 70 GB (16384 bytes per page)
2026-07-19T19:10:02Z	Python [82384]: 64-bit    Footprint: 60 GB (16384 bytes per page)
2026-07-19T19:10:32Z	Python [82384]: 64-bit    Footprint: 53 GB (16384 bytes per page)
2026-07-19T19:11:02Z	Python [82384]: 64-bit    Footprint: 26 GB (16384 bytes per page)
2026-07-19T19:11:33Z	Python [82384]: 64-bit    Footprint: 19 GB (16384 bytes per page)
2026-07-19T19:12:03Z	Python [82384]: 64-bit    Footprint: 30 GB (16384 bytes per page)
2026-07-19T19:12:33Z	Python [82384]: 64-bit    Footprint: 70 GB (16384 bytes per page)
2026-07-19T19:13:05Z	Python [82384]: 64-bit    Footprint: 60 GB (16384 bytes per page)
2026-07-19T19:13:35Z	Python [82384]: 64-bit    Footprint: 54 GB (16384 bytes per page)
2026-07-19T19:14:06Z	Python [82384]: 64-bit    Footprint: 33 GB (16384 bytes per page)
2026-07-19T19:14:36Z	Python [82384]: 64-bit    Footprint: 23 GB (16384 bytes per page)
2026-07-19T19:15:06Z	Python [82384]: 64-bit    Footprint: 32 GB (16384 bytes per page)
2026-07-19T19:15:37Z	Python [82384]: 64-bit    Footprint: 54 GB (16384 bytes per page)
2026-07-19T19:16:07Z	Python [82384]: 64-bit    Footprint: 36 GB (16384 bytes per page)
2026-07-19T19:16:38Z	Python [82384]: 64-bit    Footprint: 35 GB (16384 bytes per page)
2026-07-19T19:17:08Z	Python [82384]: 64-bit    Footprint: 27 GB (16384 bytes per page)
2026-07-19T19:17:38Z	Python [82384]: 64-bit    Footprint: 43 GB (16384 bytes per page)
2026-07-19T19:18:09Z	Python [82384]: 64-bit    Footprint: 57 GB (16384 bytes per page)
2026-07-19T19:18:40Z	Python [82384]: 64-bit    Footprint: 28 GB (16384 bytes per page)
2026-07-19T19:19:10Z	Python [82384]: 64-bit    Footprint: 31 GB (16384 bytes per page)
2026-07-19T19:19:40Z	Python [82384]: 64-bit    Footprint: 32 GB (16384 bytes per page)
2026-07-19T19:20:11Z	Python [82384]: 64-bit    Footprint: 57 GB (16384 bytes per page)
2026-07-19T19:20:41Z	Python [82384]: 64-bit    Footprint: 51 GB (16384 bytes per page)
2026-07-19T19:21:12Z	Python [82384]: 64-bit    Footprint: 37 GB (16384 bytes per page)
2026-07-19T19:21:42Z	Python [82384]: 64-bit    Footprint: 18 GB (16384 bytes per page)
2026-07-19T19:22:12Z	Python [82384]: 64-bit    Footprint: 30 GB (16384 bytes per page)
2026-07-19T19:22:43Z	Python [82384]: 64-bit    Footprint: 41 GB (16384 bytes per page)
2026-07-19T19:23:13Z	Python [82384]: 64-bit    Footprint: 51 GB (16384 bytes per page)
2026-07-19T19:23:43Z	Python [82384]: 64-bit    Footprint: 31 GB (16384 bytes per page)
2026-07-19T19:24:14Z	Python [82384]: 64-bit    Footprint: 50 GB (16384 bytes per page)
2026-07-19T19:24:44Z	Python [82384]: 64-bit    Footprint: 21 GB (16384 bytes per page)
2026-07-19T19:25:14Z	Python [82384]: 64-bit    Footprint: 47 GB (16384 bytes per page)
2026-07-19T19:25:45Z	Python [82384]: 64-bit    Footprint: 32 GB (16384 bytes per page)
2026-07-19T19:26:15Z	Python [82384]: 64-bit    Footprint: 34 GB (16384 bytes per page)
2026-07-19T19:26:46Z	Python [82384]: 64-bit    Footprint: 65 GB (16384 bytes per page)
2026-07-19T19:27:17Z	Python [82384]: 64-bit    Footprint: 55 GB (16384 bytes per page)
2026-07-19T19:27:47Z	Python [82384]: 64-bit    Footprint: 44 GB (16384 bytes per page)
2026-07-19T19:28:17Z	Python [82384]: 64-bit    Footprint: 21 GB (16384 bytes per page)
2026-07-19T19:28:48Z	Python [82384]: 64-bit    Footprint: 52 GB (16384 bytes per page)
2026-07-19T19:29:18Z	Python [82384]: 64-bit    Footprint: 36 GB (16384 bytes per page)
2026-07-19T19:29:49Z	Python [82384]: 64-bit    Footprint: 37 GB (16384 bytes per page)
2026-07-19T19:30:19Z	Python [82384]: 64-bit    Footprint: 65 GB (16384 bytes per page)
2026-07-19T19:30:51Z	Python [82384]: 64-bit    Footprint: 55 GB (16384 bytes per page)
2026-07-19T19:31:21Z	Python [82384]: 64-bit    Footprint: 41 GB (16384 bytes per page)
2026-07-19T19:31:52Z	Python [82384]: 64-bit    Footprint: 32 GB (16384 bytes per page)
2026-07-19T19:32:22Z	Python [82384]: 64-bit    Footprint: 52 GB (16384 bytes per page)
2026-07-19T19:32:53Z	Python [82384]: 64-bit    Footprint: 30 GB (16384 bytes per page)
2026-07-19T19:33:23Z	Python [82384]: 64-bit    Footprint: 30 GB (16384 bytes per page)
2026-07-19T19:33:53Z	Python [82384]: 64-bit    Footprint: 39 GB (16384 bytes per page)
2026-07-19T19:34:24Z	Python [82384]: 64-bit    Footprint: 24 GB (16384 bytes per page)
2026-07-19T19:34:54Z	Python [82384]: 64-bit    Footprint: 24 GB (16384 bytes per page)
2026-07-19T19:35:24Z	Python [82384]: 64-bit    Footprint: 59 GB (16384 bytes per page)
2026-07-19T19:35:55Z	Python [82384]: 64-bit    Footprint: 52 GB (16384 bytes per page)
2026-07-19T19:36:25Z	Python [82384]: 64-bit    Footprint: 22 GB (16384 bytes per page)
2026-07-19T19:36:55Z	Python [82384]: 64-bit    Footprint: 40 GB (16384 bytes per page)
2026-07-19T19:37:25Z	Python [82384]: 64-bit    Footprint: 33 GB (16384 bytes per page)
2026-07-19T19:37:56Z	Python [82384]: 64-bit    Footprint: 25 GB (16384 bytes per page)
2026-07-19T19:38:26Z	Python [82384]: 64-bit    Footprint: 55 GB (16384 bytes per page)
2026-07-19T19:38:57Z	Python [82384]: 64-bit    Footprint: 19 GB (16384 bytes per page)
2026-07-19T19:39:27Z	Python [82384]: 64-bit    Footprint: 41 GB (16384 bytes per page)
2026-07-19T19:39:58Z	Python [82384]: 64-bit    Footprint: 45 GB (16384 bytes per page)
2026-07-19T19:40:28Z	Python [82384]: 64-bit    Footprint: 56 GB (16384 bytes per page)
2026-07-19T19:40:59Z	Python [82384]: 64-bit    Footprint: 36 GB (16384 bytes per page)
2026-07-19T19:41:29Z	Python [82384]: 64-bit    Footprint: 49 GB (16384 bytes per page)
2026-07-19T19:41:59Z	Python [82384]: 64-bit    Footprint: 62 GB (16384 bytes per page)
2026-07-19T19:42:31Z	Python [82384]: 64-bit    Footprint: 52 GB (16384 bytes per page)
2026-07-19T19:43:01Z	Python [82384]: 64-bit    Footprint: 26 GB (16384 bytes per page)
2026-07-19T19:43:32Z	Python [82384]: 64-bit    Footprint: 41 GB (16384 bytes per page)
2026-07-19T19:44:02Z	Python [82384]: 64-bit    Footprint: 31 GB (16384 bytes per page)
2026-07-19T19:44:32Z	Python [82384]: 64-bit    Footprint: 53 GB (16384 bytes per page)
2026-07-19T19:45:02Z	Python [82384]: 64-bit    Footprint: 61 GB (16384 bytes per page)
2026-07-19T19:45:33Z	Python [82384]: 64-bit    Footprint: 53 GB (16384 bytes per page)
2026-07-19T19:46:03Z	Python [82384]: 64-bit    Footprint: 32 GB (16384 bytes per page)
2026-07-19T19:46:33Z	Python [82384]: 64-bit    Footprint: 26 GB (16384 bytes per page)
2026-07-19T19:47:03Z	Python [82384]: 64-bit    Footprint: 53 GB (16384 bytes per page)
2026-07-19T19:47:34Z	Python [82384]: 64-bit    Footprint: 30 GB (16384 bytes per page)
2026-07-19T19:48:04Z	Python [82384]: 64-bit    Footprint: 52 GB (16384 bytes per page)
2026-07-19T19:48:35Z	Python [82384]: 64-bit    Footprint: 40 GB (16384 bytes per page)
2026-07-19T19:49:05Z	Python [82384]: 64-bit    Footprint: 24 GB (16384 bytes per page)
2026-07-19T19:49:35Z	Python [82384]: 64-bit    Footprint: 52 GB (16384 bytes per page)
2026-07-19T19:50:08Z	Python [82384]: 64-bit    Footprint: 72 GB (16384 bytes per page)
2026-07-19T19:50:40Z	Python [82384]: 64-bit    Footprint: 60 GB (16384 bytes per page)
2026-07-19T19:51:10Z	Python [82384]: 64-bit    Footprint: 52 GB (16384 bytes per page)
2026-07-19T19:51:40Z	Python [82384]: 64-bit    Footprint: 27 GB (16384 bytes per page)
2026-07-19T19:52:11Z	Python [82384]: 64-bit    Footprint: 51 GB (16384 bytes per page)
2026-07-19T19:52:41Z	Python [82384]: 64-bit    Footprint: 32 GB (16384 bytes per page)
2026-07-19T19:53:11Z	Python [82384]: 64-bit    Footprint: 41 GB (16384 bytes per page)
2026-07-19T19:53:42Z	Python [82384]: 64-bit    Footprint: 51 GB (16384 bytes per page)
2026-07-19T19:54:12Z	Python [82384]: 64-bit    Footprint: 24 GB (16384 bytes per page)
2026-07-19T19:54:42Z	Python [82384]: 64-bit    Footprint: 22 GB (16384 bytes per page)
2026-07-19T19:55:13Z	Python [82384]: 64-bit    Footprint: 36 GB (16384 bytes per page)
2026-07-19T19:55:43Z	Python [82384]: 64-bit    Footprint: 58 GB (16384 bytes per page)
2026-07-19T19:56:14Z	Python [82384]: 64-bit    Footprint: 47 GB (16384 bytes per page)
2026-07-19T19:56:44Z	Python [82384]: 64-bit    Footprint: 29 GB (16384 bytes per page)
2026-07-19T19:57:14Z	Python [82384]: 64-bit    Footprint: 19 GB (16384 bytes per page)
2026-07-19T19:57:44Z	Python [82384]: 64-bit    Footprint: 37 GB (16384 bytes per page)
2026-07-19T19:58:16Z	Python [82384]: 64-bit    Footprint: 20 GB (16384 bytes per page)
2026-07-19T19:59:05Z	Python [82384]: 64-bit    Footprint: 55 GB (16384 bytes per page)
2026-07-19T19:59:36Z	Python [82384]: 64-bit    Footprint: 25 GB (16384 bytes per page)
2026-07-19T20:00:10Z	Python [82384]: 64-bit    Footprint: 76 GB (16384 bytes per page)
2026-07-19T20:00:42Z	Python [82384]: 64-bit    Footprint: 65 GB (16384 bytes per page)
2026-07-19T20:01:13Z	Python [82384]: 64-bit    Footprint: 58 GB (16384 bytes per page)
2026-07-19T20:01:43Z	Python [82384]: 64-bit    Footprint: 52 GB (16384 bytes per page)
2026-07-19T20:02:14Z	Python [82384]: 64-bit    Footprint: 27 GB (16384 bytes per page)
2026-07-19T20:02:44Z	Python [82384]: 64-bit    Footprint: 19 GB (16384 bytes per page)
2026-07-19T20:03:15Z	Python [82384]: 64-bit    Footprint: 21 GB (16384 bytes per page)
2026-07-19T20:03:45Z	Python [82384]: 64-bit    Footprint: 54 GB (16384 bytes per page)
2026-07-19T20:04:17Z	Python [82384]: 64-bit    Footprint: 38 GB (16384 bytes per page)
2026-07-19T20:04:48Z	Python [82384]: 64-bit    Footprint: 27 GB (16384 bytes per page)
2026-07-19T20:05:18Z	Python [82384]: 64-bit    Footprint: 30 GB (16384 bytes per page)
2026-07-19T20:05:50Z	Python [82384]: 64-bit    Footprint: 51 GB (16384 bytes per page)
2026-07-19T20:06:27Z	Python [82384]: 64-bit    Footprint: 22 GB (16384 bytes per page)
2026-07-19T20:06:57Z	Python [82384]: 64-bit    Footprint: 32 GB (16384 bytes per page)
2026-07-19T20:07:28Z	Python [82384]: 64-bit    Footprint: 22 GB (16384 bytes per page)
2026-07-19T20:07:58Z	Python [82384]: 64-bit    Footprint: 56 GB (16384 bytes per page)
2026-07-19T20:08:30Z	Python [82384]: 64-bit    Footprint: 50 GB (16384 bytes per page)
2026-07-19T20:09:01Z	Python [82384]: 64-bit    Footprint: 23 GB (16384 bytes per page)
2026-07-19T20:09:31Z	Python [82384]: 64-bit    Footprint: 46 GB (16384 bytes per page)
2026-07-19T20:10:04Z	Python [82384]: 64-bit    Footprint: 60 GB (16384 bytes per page)
2026-07-19T20:10:35Z	Python [82384]: 64-bit    Footprint: 42 GB (16384 bytes per page)
2026-07-19T20:11:06Z	Python [82384]: 64-bit    Footprint: 26 GB (16384 bytes per page)
2026-07-19T20:11:37Z	Python [82384]: 64-bit    Footprint: 50 GB (16384 bytes per page)
2026-07-19T20:12:07Z	Python [82384]: 64-bit    Footprint: 23 GB (16384 bytes per page)
2026-07-19T20:12:38Z	Python [82384]: 64-bit    Footprint: 48 GB (16384 bytes per page)
2026-07-19T20:13:09Z	Python [82384]: 64-bit    Footprint: 34 GB (16384 bytes per page)
2026-07-19T20:13:39Z	Python [82384]: 64-bit    Footprint: 35 GB (16384 bytes per page)
2026-07-19T20:14:10Z	Python [82384]: 64-bit    Footprint: 60 GB (16384 bytes per page)
2026-07-19T20:14:43Z	Python [82384]: 64-bit    Footprint: 35 GB (16384 bytes per page)
2026-07-19T20:15:13Z	Python [82384]: 64-bit    Footprint: 20 GB (16384 bytes per page)
2026-07-19T20:15:44Z	Python [82384]: 64-bit    Footprint: 22 GB (16384 bytes per page)
2026-07-19T20:16:14Z	Python [82384]: 64-bit    Footprint: 59 GB (16384 bytes per page)
2026-07-19T20:16:45Z	Python [82384]: 64-bit    Footprint: 52 GB (16384 bytes per page)
2026-07-19T20:17:16Z	Python [82384]: 64-bit    Footprint: 19 GB (16384 bytes per page)
2026-07-19T20:17:46Z	Python [82384]: 64-bit    Footprint: 44 GB (16384 bytes per page)
2026-07-19T20:18:17Z	Python [82384]: 64-bit    Footprint: 41 GB (16384 bytes per page)
2026-07-19T20:18:47Z	Python [82384]: 64-bit    Footprint: 57 GB (16384 bytes per page)
2026-07-19T20:19:18Z	Python [82384]: 64-bit    Footprint: 50 GB (16384 bytes per page)
2026-07-19T20:19:48Z	Python [82384]: 64-bit    Footprint: 34 GB (16384 bytes per page)
2026-07-19T20:20:19Z	Python [82384]: 64-bit    Footprint: 18 GB (16384 bytes per page)
2026-07-19T20:20:49Z	Python [82384]: 64-bit    Footprint: 44 GB (16384 bytes per page)
2026-07-19T20:21:20Z	Python [82384]: 64-bit    Footprint: 41 GB (16384 bytes per page)
2026-07-19T20:21:51Z	Python [82384]: 64-bit    Footprint: 51 GB (16384 bytes per page)
2026-07-19T20:22:22Z	Python [82384]: 64-bit    Footprint: 24 GB (16384 bytes per page)
2026-07-19T20:22:52Z	Python [82384]: 64-bit    Footprint: 60 GB (16384 bytes per page)
2026-07-19T20:23:23Z	Python [82384]: 64-bit    Footprint: 54 GB (16384 bytes per page)
2026-07-19T20:23:54Z	Python [82384]: 64-bit    Footprint: 41 GB (16384 bytes per page)
2026-07-19T20:24:24Z	Python [82384]: 64-bit    Footprint: 33 GB (16384 bytes per page)
2026-07-19T20:24:54Z	Python [82384]: 64-bit    Footprint: 37 GB (16384 bytes per page)
2026-07-19T20:25:25Z	Python [82384]: 64-bit    Footprint: 59 GB (16384 bytes per page)
2026-07-19T20:25:56Z	Python [82384]: 64-bit    Footprint: 41 GB (16384 bytes per page)
2026-07-19T20:26:27Z	Python [82384]: 64-bit    Footprint: 41 GB (16384 bytes per page)
2026-07-19T20:26:57Z	Python [82384]: 64-bit    Footprint: 50 GB (16384 bytes per page)
2026-07-19T20:27:28Z	Python [82384]: 64-bit    Footprint: 24 GB (16384 bytes per page)
2026-07-19T20:27:59Z	Python [82384]: 64-bit    Footprint: 60 GB (16384 bytes per page)
2026-07-19T20:28:31Z	Python [82384]: 64-bit    Footprint: 54 GB (16384 bytes per page)
2026-07-19T20:29:01Z	Python [82384]: 64-bit    Footprint: 39 GB (16384 bytes per page)
2026-07-19T20:29:32Z	Python [82384]: 64-bit    Footprint: 44 GB (16384 bytes per page)
2026-07-19T20:30:02Z	Python [82384]: 64-bit    Footprint: 32 GB (16384 bytes per page)
2026-07-19T20:30:33Z	Python [82384]: 64-bit    Footprint: 48 GB (16384 bytes per page)
2026-07-19T20:31:03Z	Python [82384]: 64-bit    Footprint: 37 GB (16384 bytes per page)
2026-07-19T20:31:34Z	Python [82384]: 64-bit    Footprint: 73 GB (16384 bytes per page)
2026-07-19T20:32:05Z	Python [82384]: 64-bit    Footprint: 66 GB (16384 bytes per page)
2026-07-19T20:32:35Z	Python [82384]: 64-bit    Footprint: 59 GB (16384 bytes per page)
2026-07-19T20:33:06Z	Python [82384]: 64-bit    Footprint: 52 GB (16384 bytes per page)
2026-07-19T20:33:36Z	Python [82384]: 64-bit    Footprint: 20 GB (16384 bytes per page)
2026-07-19T20:34:06Z	Python [82384]: 64-bit    Footprint: 30 GB (16384 bytes per page)
2026-07-19T20:34:37Z	Python [82384]: 64-bit    Footprint: 36 GB (16384 bytes per page)
2026-07-19T20:35:07Z	Python [82384]: 64-bit    Footprint: 26 GB (16384 bytes per page)
2026-07-19T20:35:37Z	Python [82384]: 64-bit    Footprint: 50 GB (16384 bytes per page)
2026-07-19T20:36:08Z	Python [82384]: 64-bit    Footprint: 42 GB (16384 bytes per page)
2026-07-19T20:36:39Z	Python [82384]: 64-bit    Footprint: 19 GB (16384 bytes per page)
2026-07-19T20:37:09Z	Python [82384]: 64-bit    Footprint: 56 GB (16384 bytes per page)
2026-07-19T20:37:39Z	Python [82384]: 64-bit    Footprint: 25 GB (16384 bytes per page)
2026-07-19T20:38:10Z	Python [82384]: 64-bit    Footprint: 28 GB (16384 bytes per page)
2026-07-19T20:38:40Z	Python [82384]: 64-bit    Footprint: 33 GB (16384 bytes per page)
2026-07-19T20:39:10Z	Python [82384]: 64-bit    Footprint: 35 GB (16384 bytes per page)
2026-07-19T20:39:41Z	Python [82384]: 64-bit    Footprint: 56 GB (16384 bytes per page)
2026-07-19T20:40:11Z	Python [82384]: 64-bit    Footprint: 46 GB (16384 bytes per page)
2026-07-19T20:40:42Z	Python [82384]: 64-bit    Footprint: 32 GB (16384 bytes per page)
2026-07-19T20:41:12Z	Python [82384]: 64-bit    Footprint: 30 GB (16384 bytes per page)
2026-07-19T20:41:43Z	Python [82384]: 64-bit    Footprint: 56 GB (16384 bytes per page)
2026-07-19T20:42:14Z	Python [82384]: 64-bit    Footprint: 44 GB (16384 bytes per page)
2026-07-19T20:42:45Z	Python [82384]: 64-bit    Footprint: 39 GB (16384 bytes per page)
2026-07-19T20:43:16Z	Python [82384]: 64-bit    Footprint: 43 GB (16384 bytes per page)
2026-07-19T20:43:55Z	Python [82384]: 64-bit    Footprint: 72 GB (16384 bytes per page)
2026-07-19T20:44:29Z	Python [82384]: 64-bit    Footprint: 60 GB (16384 bytes per page)
2026-07-19T20:44:59Z	Python [82384]: 64-bit    Footprint: 53 GB (16384 bytes per page)
2026-07-19T20:45:29Z	Python [82384]: 64-bit    Footprint: 28 GB (16384 bytes per page)
2026-07-19T20:46:00Z	Python [82384]: 64-bit    Footprint: 46 GB (16384 bytes per page)
2026-07-19T20:46:32Z	Python [82384]: 64-bit    Footprint: 58 GB (16384 bytes per page)
2026-07-19T20:47:06Z	Python [82384]: 64-bit    Footprint: 36 GB (16384 bytes per page)
2026-07-19T20:47:36Z	Python [82384]: 64-bit    Footprint: 41 GB (16384 bytes per page)
2026-07-19T20:48:07Z	Python [82384]: 64-bit    Footprint: 45 GB (16384 bytes per page)
2026-07-19T20:48:38Z	Python [82384]: 64-bit    Footprint: 22 GB (16384 bytes per page)
2026-07-19T20:49:08Z	Python [82384]: 64-bit    Footprint: 44 GB (16384 bytes per page)
2026-07-19T20:49:39Z	Python [82384]: 64-bit    Footprint: 37 GB (16384 bytes per page)
2026-07-19T20:50:09Z	Python [82384]: 64-bit    Footprint: 38 GB (16384 bytes per page)
2026-07-19T20:50:40Z	Python [82384]: 64-bit    Footprint: 41 GB (16384 bytes per page)
2026-07-19T20:51:14Z	Python [82384]: 64-bit    Footprint: 64 GB (16384 bytes per page)
2026-07-19T20:51:51Z	Python [82384]: 64-bit    Footprint: 52 GB (16384 bytes per page)
2026-07-19T20:52:22Z	Python [82384]: 64-bit    Footprint: 27 GB (16384 bytes per page)
2026-07-19T20:53:03Z	Python [82384]: 64-bit    Footprint: 90 GB (16384 bytes per page)
2026-07-19T20:53:36Z	Python [82384]: 64-bit    Footprint: 85 GB (16384 bytes per page)
2026-07-19T20:54:07Z	Python [82384]: 64-bit    Footprint: 84 GB (16384 bytes per page)
2026-07-19T20:54:37Z	Python [82384]: 64-bit    Footprint: 78 GB (16384 bytes per page)
2026-07-19T20:55:07Z	Python [82384]: 64-bit    Footprint: 71 GB (16384 bytes per page)
2026-07-19T20:55:38Z	Python [82384]: 64-bit    Footprint: 64 GB (16384 bytes per page)
2026-07-19T20:56:08Z	Python [82384]: 64-bit    Footprint: 57 GB (16384 bytes per page)
2026-07-19T20:56:39Z	Python [82384]: 64-bit    Footprint: 44 GB (16384 bytes per page)
2026-07-19T20:57:09Z	Python [82384]: 64-bit    Footprint: 33 GB (16384 bytes per page)
2026-07-19T20:57:40Z	Python [82384]: 64-bit    Footprint: 23 GB (16384 bytes per page)
2026-07-19T20:58:10Z	Python [82384]: 64-bit    Footprint: 50 GB (16384 bytes per page)
2026-07-19T20:58:41Z	Python [82384]: 64-bit    Footprint: 41 GB (16384 bytes per page)
2026-07-19T20:59:12Z	Python [82384]: 64-bit    Footprint: 41 GB (16384 bytes per page)
2026-07-19T20:59:45Z	Python [82384]: 64-bit    Footprint: 66 GB (16384 bytes per page)
2026-07-19T21:00:18Z	Python [82384]: 64-bit    Footprint: 54 GB (16384 bytes per page)
2026-07-19T21:00:48Z	Python [82384]: 64-bit    Footprint: 38 GB (16384 bytes per page)
2026-07-19T21:01:18Z	Python [82384]: 64-bit    Footprint: 41 GB (16384 bytes per page)
2026-07-19T21:01:49Z	Python [82384]: 64-bit    Footprint: 41 GB (16384 bytes per page)
2026-07-19T21:02:20Z	Python [82384]: 64-bit    Footprint: 35 GB (16384 bytes per page)
2026-07-19T21:02:50Z	Python [82384]: 64-bit    Footprint: 47 GB (16384 bytes per page)
2026-07-19T21:03:20Z	Python [82384]: 64-bit    Footprint: 41 GB (16384 bytes per page)
2026-07-19T21:03:51Z	Python [82384]: 64-bit    Footprint: 58 GB (16384 bytes per page)
2026-07-19T21:04:22Z	Python [82384]: 64-bit    Footprint: 28 GB (16384 bytes per page)
2026-07-19T21:04:54Z	Python [82384]: 64-bit    Footprint: 80 GB (16384 bytes per page)
2026-07-19T21:05:27Z	Python [82384]: 64-bit    Footprint: 68 GB (16384 bytes per page)
2026-07-19T21:05:57Z	Python [82384]: 64-bit    Footprint: 61 GB (16384 bytes per page)
2026-07-19T21:06:28Z	Python [82384]: 64-bit    Footprint: 54 GB (16384 bytes per page)
2026-07-19T21:06:58Z	Python [82384]: 64-bit    Footprint: 32 GB (16384 bytes per page)
2026-07-19T21:07:28Z	Python [82384]: 64-bit    Footprint: 42 GB (16384 bytes per page)
2026-07-19T21:08:01Z	Python [82384]: 64-bit    Footprint: 51 GB (16384 bytes per page)
2026-07-19T21:08:31Z	Python [82384]: 64-bit    Footprint: 33 GB (16384 bytes per page)
2026-07-19T21:09:01Z	Python [82384]: 64-bit    Footprint: 28 GB (16384 bytes per page)
2026-07-19T21:09:32Z	Python [82384]: 64-bit    Footprint: 44 GB (16384 bytes per page)
2026-07-19T21:10:04Z	Python [82384]: 64-bit    Footprint: 79 GB (16384 bytes per page)
2026-07-19T21:10:49Z	Python [82384]: 64-bit    Footprint: 68 GB (16384 bytes per page)
2026-07-19T21:11:19Z	Python [82384]: 64-bit    Footprint: 61 GB (16384 bytes per page)
2026-07-19T21:11:49Z	Python [82384]: 64-bit    Footprint: 54 GB (16384 bytes per page)
2026-07-19T21:12:20Z	Python [82384]: 64-bit    Footprint: 30 GB (16384 bytes per page)
2026-07-19T21:12:50Z	Python [82384]: 64-bit    Footprint: 42 GB (16384 bytes per page)
2026-07-19T21:13:21Z	Python [82384]: 64-bit    Footprint: 61 GB (16384 bytes per page)
2026-07-19T21:13:53Z	Python [82384]: 64-bit    Footprint: 37 GB (16384 bytes per page)
2026-07-19T21:14:23Z	Python [82384]: 64-bit    Footprint: 43 GB (16384 bytes per page)
2026-07-19T21:14:54Z	Python [82384]: 64-bit    Footprint: 45 GB (16384 bytes per page)
2026-07-19T21:15:24Z	Python [82384]: 64-bit    Footprint: 24 GB (16384 bytes per page)
2026-07-19T21:15:55Z	Python [82384]: 64-bit    Footprint: 28 GB (16384 bytes per page)
2026-07-19T21:16:26Z	Python [82384]: 64-bit    Footprint: 52 GB (16384 bytes per page)
2026-07-19T21:16:56Z	Python [82384]: 64-bit    Footprint: 33 GB (16384 bytes per page)
2026-07-19T21:17:27Z	Python [82384]: 64-bit    Footprint: 47 GB (16384 bytes per page)
2026-07-19T21:17:58Z	Python [82384]: 64-bit    Footprint: 59 GB (16384 bytes per page)
2026-07-19T21:18:37Z	Python [82384]: 64-bit    Footprint: 54 GB (16384 bytes per page)
2026-07-19T21:19:07Z	Python [82384]: 64-bit    Footprint: 37 GB (16384 bytes per page)
2026-07-19T21:19:38Z	Python [82384]: 64-bit    Footprint: 23 GB (16384 bytes per page)
2026-07-19T21:20:08Z	Python [82384]: 64-bit    Footprint: 49 GB (16384 bytes per page)
2026-07-19T21:20:39Z	Python [82384]: 64-bit    Footprint: 45 GB (16384 bytes per page)
2026-07-19T21:21:09Z	Python [82384]: 64-bit    Footprint: 24 GB (16384 bytes per page)
2026-07-19T21:21:40Z	Python [82384]: 64-bit    Footprint: 46 GB (16384 bytes per page)
2026-07-19T21:22:10Z	Python [82384]: 64-bit    Footprint: 38 GB (16384 bytes per page)
2026-07-19T21:22:40Z	Python [82384]: 64-bit    Footprint: 25 GB (16384 bytes per page)
2026-07-19T21:23:11Z	Python [82384]: 64-bit    Footprint: 26 GB (16384 bytes per page)
2026-07-19T21:23:41Z	Python [82384]: 64-bit    Footprint: 59 GB (16384 bytes per page)
2026-07-19T21:24:12Z	Python [82384]: 64-bit    Footprint: 52 GB (16384 bytes per page)
2026-07-19T21:24:43Z	Python [82384]: 64-bit    Footprint: 24 GB (16384 bytes per page)
2026-07-19T21:25:13Z	Python [82384]: 64-bit    Footprint: 38 GB (16384 bytes per page)
2026-07-19T21:25:44Z	Python [82384]: 64-bit    Footprint: 41 GB (16384 bytes per page)
2026-07-19T21:26:14Z	Python [82384]: 64-bit    Footprint: 56 GB (16384 bytes per page)
2026-07-19T21:26:45Z	Python [82384]: 64-bit    Footprint: 46 GB (16384 bytes per page)
2026-07-19T21:27:16Z	Python [82384]: 64-bit    Footprint: 24 GB (16384 bytes per page)
2026-07-19T21:27:46Z	Python [82384]: 64-bit    Footprint: 56 GB (16384 bytes per page)
2026-07-19T21:28:17Z	Python [82384]: 64-bit    Footprint: 38 GB (16384 bytes per page)
2026-07-19T21:28:47Z	Python [82384]: 64-bit    Footprint: 39 GB (16384 bytes per page)
2026-07-19T21:29:18Z	Python [82384]: 64-bit    Footprint: 65 GB (16384 bytes per page)
2026-07-19T21:29:50Z	Python [82384]: 64-bit    Footprint: 54 GB (16384 bytes per page)
2026-07-19T21:30:20Z	Python [82384]: 64-bit    Footprint: 35 GB (16384 bytes per page)
2026-07-19T21:30:51Z	Python [82384]: 64-bit    Footprint: 44 GB (16384 bytes per page)
2026-07-19T21:31:21Z	Python [82384]: 64-bit    Footprint: 53 GB (16384 bytes per page)
2026-07-19T21:31:52Z	Python [82384]: 64-bit    Footprint: 38 GB (16384 bytes per page)
2026-07-19T21:32:22Z	Python [82384]: 64-bit    Footprint: 31 GB (16384 bytes per page)
2026-07-19T21:32:53Z	Python [82384]: 64-bit    Footprint: 48 GB (16384 bytes per page)
2026-07-19T21:33:23Z	Python [82384]: 64-bit    Footprint: 22 GB (16384 bytes per page)
2026-07-19T21:33:53Z	Python [82384]: 64-bit    Footprint: 52 GB (16384 bytes per page)
2026-07-19T21:34:24Z	Python [82384]: 64-bit    Footprint: 26 GB (16384 bytes per page)
2026-07-19T21:34:54Z	Python [82384]: 64-bit    Footprint: 46 GB (16384 bytes per page)
2026-07-19T21:35:25Z	Python [82384]: 64-bit    Footprint: 27 GB (16384 bytes per page)
2026-07-19T21:35:55Z	Python [82384]: 64-bit    Footprint: 42 GB (16384 bytes per page)
2026-07-19T21:36:27Z	Python [82384]: 64-bit    Footprint: 63 GB (16384 bytes per page)
2026-07-19T21:36:59Z	Python [82384]: 64-bit    Footprint: 51 GB (16384 bytes per page)
2026-07-19T21:37:29Z	Python [82384]: 64-bit    Footprint: 33 GB (16384 bytes per page)
2026-07-19T21:38:00Z	Python [82384]: 64-bit    Footprint: 32 GB (16384 bytes per page)
2026-07-19T21:38:30Z	Python [82384]: 64-bit    Footprint: 36 GB (16384 bytes per page)
2026-07-19T21:39:00Z	Python [82384]: 64-bit    Footprint: 25 GB (16384 bytes per page)
2026-07-19T21:39:31Z	Python [82384]: 64-bit    Footprint: 25 GB (16384 bytes per page)
2026-07-19T21:40:01Z	Python [82384]: 64-bit    Footprint: 23 GB (16384 bytes per page)
2026-07-19T21:40:31Z	Python [82384]: 64-bit    Footprint: 35 GB (16384 bytes per page)
2026-07-19T21:41:02Z	Python [82384]: 64-bit    Footprint: 35 GB (16384 bytes per page)
2026-07-19T21:41:32Z	Python [82384]: 64-bit    Footprint: 53 GB (16384 bytes per page)
2026-07-19T21:42:03Z	Python [82384]: 64-bit    Footprint: 20 GB (16384 bytes per page)
2026-07-19T21:42:34Z	Python [82384]: 64-bit    Footprint: 34 GB (16384 bytes per page)
2026-07-19T21:43:04Z	Python [82384]: 64-bit    Footprint: 41 GB (16384 bytes per page)
2026-07-19T21:43:34Z	Python [82384]: 64-bit    Footprint: 24 GB (16384 bytes per page)
2026-07-19T21:44:06Z	Python [82384]: 64-bit    Footprint: 57 GB (16384 bytes per page)
2026-07-19T21:44:40Z	Python [82384]: 64-bit    Footprint: 37 GB (16384 bytes per page)
2026-07-19T21:45:10Z	Python [82384]: 64-bit    Footprint: 25 GB (16384 bytes per page)
2026-07-19T21:45:41Z	Python [82384]: 64-bit    Footprint: 27 GB (16384 bytes per page)
2026-07-19T21:46:11Z	Python [82384]: 64-bit    Footprint: 21 GB (16384 bytes per page)
2026-07-19T21:46:41Z	Python [82384]: 64-bit    Footprint: 21 GB (16384 bytes per page)
2026-07-19T21:47:12Z	Python [82384]: 64-bit    Footprint: 28 GB (16384 bytes per page)
2026-07-19T21:47:42Z	Python [82384]: 64-bit    Footprint: 28 GB (16384 bytes per page)
2026-07-19T21:48:13Z	Python [82384]: 64-bit    Footprint: 36 GB (16384 bytes per page)
2026-07-19T21:48:43Z	Python [82384]: 64-bit    Footprint: 41 GB (16384 bytes per page)
2026-07-19T21:49:13Z	Python [82384]: 64-bit    Footprint: 29 GB (16384 bytes per page)
2026-07-19T21:49:44Z	Python [82384]: 64-bit    Footprint: 27 GB (16384 bytes per page)
2026-07-19T21:50:15Z	Python [82384]: 64-bit    Footprint: 60 GB (16384 bytes per page)
2026-07-19T21:50:45Z	Python [82384]: 64-bit    Footprint: 53 GB (16384 bytes per page)
2026-07-19T21:51:15Z	Python [82384]: 64-bit    Footprint: 23 GB (16384 bytes per page)
2026-07-19T21:51:46Z	Python [82384]: 64-bit    Footprint: 43 GB (16384 bytes per page)
2026-07-19T21:52:17Z	Python [82384]: 64-bit    Footprint: 52 GB (16384 bytes per page)
2026-07-19T21:52:49Z	Python [82384]: 64-bit    Footprint: 53 GB (16384 bytes per page)
2026-07-19T21:53:20Z	Python [82384]: 64-bit    Footprint: 30 GB (16384 bytes per page)
2026-07-19T21:53:50Z	Python [82384]: 64-bit    Footprint: 21 GB (16384 bytes per page)
2026-07-19T21:54:21Z	Python [82384]: 64-bit    Footprint: 19 GB (16384 bytes per page)
2026-07-19T21:54:51Z	Python [82384]: 64-bit    Footprint: 59 GB (16384 bytes per page)
2026-07-19T21:55:22Z	Python [82384]: 64-bit    Footprint: 52 GB (16384 bytes per page)
2026-07-19T21:55:52Z	Python [82384]: 64-bit    Footprint: 26 GB (16384 bytes per page)
2026-07-19T21:56:23Z	Python [82384]: 64-bit    Footprint: 24 GB (16384 bytes per page)
2026-07-19T21:56:53Z	Python [82384]: 64-bit    Footprint: 24 GB (16384 bytes per page)
2026-07-19T21:57:23Z	Python [82384]: 64-bit    Footprint: 19 GB (16384 bytes per page)
2026-07-19T21:57:54Z	Python [82384]: 64-bit    Footprint: 29 GB (16384 bytes per page)
2026-07-19T21:58:24Z	Python [82384]: 64-bit    Footprint: 69 GB (16384 bytes per page)
2026-07-19T21:58:55Z	Python [82384]: 64-bit    Footprint: 59 GB (16384 bytes per page)
2026-07-19T21:59:25Z	Python [82384]: 64-bit    Footprint: 53 GB (16384 bytes per page)
2026-07-19T21:59:56Z	Python [82384]: 64-bit    Footprint: 23 GB (16384 bytes per page)
2026-07-19T22:00:26Z	Python [82384]: 64-bit    Footprint: 36 GB (16384 bytes per page)
2026-07-19T22:00:56Z	Python [82384]: 64-bit    Footprint: 34 GB (16384 bytes per page)
2026-07-19T22:01:27Z	Python [82384]: 64-bit    Footprint: 58 GB (16384 bytes per page)
2026-07-19T22:01:58Z	Python [82384]: 64-bit    Footprint: 51 GB (16384 bytes per page)
2026-07-19T22:02:28Z	Python [82384]: 64-bit    Footprint: 37 GB (16384 bytes per page)
2026-07-19T22:02:58Z	Python [82384]: 64-bit    Footprint: 36 GB (16384 bytes per page)
2026-07-19T22:03:29Z	Python [82384]: 64-bit    Footprint: 53 GB (16384 bytes per page)
2026-07-19T22:03:59Z	Python [82384]: 64-bit    Footprint: 24 GB (16384 bytes per page)
2026-07-19T22:04:30Z	Python [82384]: 64-bit    Footprint: 29 GB (16384 bytes per page)
2026-07-19T22:05:00Z	Python [82384]: 64-bit    Footprint: 26 GB (16384 bytes per page)
2026-07-19T22:05:31Z	Python [82384]: 64-bit    Footprint: 44 GB (16384 bytes per page)
2026-07-19T22:06:01Z	Python [82384]: 64-bit    Footprint: 59 GB (16384 bytes per page)
2026-07-19T22:06:32Z	Python [82384]: 64-bit    Footprint: 35 GB (16384 bytes per page)
2026-07-19T22:07:02Z	Python [82384]: 64-bit    Footprint: 34 GB (16384 bytes per page)
2026-07-19T22:07:33Z	Python [82384]: 64-bit    Footprint: 58 GB (16384 bytes per page)
2026-07-19T22:08:04Z	Python [82384]: 64-bit    Footprint: 19 GB (16384 bytes per page)
2026-07-19T22:08:35Z	Python [82384]: 64-bit    Footprint: 42 GB (16384 bytes per page)
2026-07-19T22:09:05Z	Python [82384]: 64-bit    Footprint: 58 GB (16384 bytes per page)
2026-07-19T22:09:37Z	Python [82384]: 64-bit    Footprint: 39 GB (16384 bytes per page)
2026-07-19T22:10:08Z	Python [82384]: 64-bit    Footprint: 25 GB (16384 bytes per page)
2026-07-19T22:10:38Z	Python [82384]: 64-bit    Footprint: 26 GB (16384 bytes per page)
2026-07-19T22:11:09Z	Python [82384]: 64-bit    Footprint: 60 GB (16384 bytes per page)
2026-07-19T22:11:39Z	Python [82384]: 64-bit    Footprint: 53 GB (16384 bytes per page)
2026-07-19T22:12:10Z	Python [82384]: 64-bit    Footprint: 24 GB (16384 bytes per page)
2026-07-19T22:12:40Z	Python [82384]: 64-bit    Footprint: 38 GB (16384 bytes per page)
2026-07-19T22:13:10Z	Python [82384]: 64-bit    Footprint: 52 GB (16384 bytes per page)
2026-07-19T22:13:42Z	Python [82384]: 64-bit    Footprint: 30 GB (16384 bytes per page)
2026-07-19T22:14:12Z	Python [82384]: 64-bit    Footprint: 41 GB (16384 bytes per page)
2026-07-19T22:14:44Z	Python [82384]: 64-bit    Footprint: 61 GB (16384 bytes per page)
2026-07-19T22:15:17Z	Python [82384]: 64-bit    Footprint: 50 GB (16384 bytes per page)
2026-07-19T22:15:47Z	Python [82384]: 64-bit    Footprint: 39 GB (16384 bytes per page)
2026-07-19T22:16:17Z	Python [82384]: 64-bit    Footprint: 40 GB (16384 bytes per page)
2026-07-19T22:16:48Z	Python [82384]: 64-bit    Footprint: 62 GB (16384 bytes per page)
2026-07-19T22:17:20Z	Python [82384]: 64-bit    Footprint: 50 GB (16384 bytes per page)
2026-07-19T22:17:50Z	Python [82384]: 64-bit    Footprint: 39 GB (16384 bytes per page)
2026-07-19T22:18:21Z	Python [82384]: 64-bit    Footprint: 34 GB (16384 bytes per page)
2026-07-19T22:18:52Z	Python [82384]: 64-bit    Footprint: 53 GB (16384 bytes per page)
2026-07-19T22:19:23Z	Python [82384]: 64-bit    Footprint: 28 GB (16384 bytes per page)
2026-07-19T22:19:53Z	Python [82384]: 64-bit    Footprint: 36 GB (16384 bytes per page)
2026-07-19T22:20:24Z	Python [82384]: 64-bit    Footprint: 36 GB (16384 bytes per page)
2026-07-19T22:20:54Z	Python [82384]: 64-bit    Footprint: 58 GB (16384 bytes per page)
2026-07-19T22:21:25Z	Python [82384]: 64-bit    Footprint: 51 GB (16384 bytes per page)
2026-07-19T22:21:55Z	Python [82384]: 64-bit    Footprint: 38 GB (16384 bytes per page)
2026-07-19T22:22:26Z	Python [82384]: 64-bit    Footprint: 28 GB (16384 bytes per page)
2026-07-19T22:22:56Z	Python [82384]: 64-bit    Footprint: 48 GB (16384 bytes per page)
2026-07-19T22:23:27Z	Python [82384]: 64-bit    Footprint: 37 GB (16384 bytes per page)
2026-07-19T22:23:57Z	Python [82384]: 64-bit    Footprint: 40 GB (16384 bytes per page)
2026-07-19T22:24:29Z	Python [82384]: 64-bit    Footprint: 60 GB (16384 bytes per page)
2026-07-19T22:25:07Z	Python [82384]: 64-bit    Footprint: 53 GB (16384 bytes per page)
2026-07-19T22:25:37Z	Python [82384]: 64-bit    Footprint: 32 GB (16384 bytes per page)
2026-07-19T22:26:08Z	Python [82384]: 64-bit    Footprint: 40 GB (16384 bytes per page)
2026-07-19T22:26:39Z	Python [82384]: 64-bit    Footprint: 44 GB (16384 bytes per page)
2026-07-19T22:27:10Z	Python [82384]: 64-bit    Footprint: 25 GB (16384 bytes per page)
2026-07-19T22:27:40Z	Python [82384]: 64-bit    Footprint: 28 GB (16384 bytes per page)
2026-07-19T22:28:10Z	Python [82384]: 64-bit    Footprint: 47 GB (16384 bytes per page)
2026-07-19T22:28:41Z	Python [82384]: 64-bit    Footprint: 32 GB (16384 bytes per page)
2026-07-19T22:29:12Z	Python [82384]: 64-bit    Footprint: 30 GB (16384 bytes per page)
2026-07-19T22:29:42Z	Python [82384]: 64-bit    Footprint: 56 GB (16384 bytes per page)
2026-07-19T22:30:13Z	Python [82384]: 64-bit    Footprint: 47 GB (16384 bytes per page)
2026-07-19T22:30:43Z	Python [82384]: 64-bit    Footprint: 26 GB (16384 bytes per page)
2026-07-19T22:31:14Z	Python [82384]: 64-bit    Footprint: 52 GB (16384 bytes per page)
2026-07-19T22:31:44Z	Python [82384]: 64-bit    Footprint: 33 GB (16384 bytes per page)
2026-07-19T22:32:15Z	Python [82384]: 64-bit    Footprint: 20 GB (16384 bytes per page)
2026-07-19T22:32:46Z	Python [82384]: 64-bit    Footprint: 42 GB (16384 bytes per page)
2026-07-19T22:33:16Z	Python [82384]: 64-bit    Footprint: 19 GB (16384 bytes per page)
2026-07-19T22:33:47Z	Python [82384]: 64-bit    Footprint: 57 GB (16384 bytes per page)
2026-07-19T22:34:19Z	Python [82384]: 64-bit    Footprint: 23 GB (16384 bytes per page)
2026-07-19T22:34:50Z	Python [82384]: 64-bit    Footprint: 45 GB (16384 bytes per page)
2026-07-19T22:35:24Z	Python [82384]: 64-bit    Footprint: 63 GB (16384 bytes per page)
2026-07-19T22:35:56Z	Python [82384]: 64-bit    Footprint: 51 GB (16384 bytes per page)
2026-07-19T22:36:27Z	Python [82384]: 64-bit    Footprint: 31 GB (16384 bytes per page)
2026-07-19T22:36:57Z	Python [82384]: 64-bit    Footprint: 40 GB (16384 bytes per page)
2026-07-19T22:37:28Z	Python [82384]: 64-bit    Footprint: 54 GB (16384 bytes per page)
2026-07-19T22:38:00Z	Python [82384]: 64-bit    Footprint: 38 GB (16384 bytes per page)
2026-07-19T22:38:30Z	Python [82384]: 64-bit    Footprint: 19 GB (16384 bytes per page)
2026-07-19T22:39:01Z	Python [82384]: 64-bit    Footprint: 25 GB (16384 bytes per page)
2026-07-19T22:39:32Z	Python [82384]: 64-bit    Footprint: 54 GB (16384 bytes per page)
2026-07-19T22:40:03Z	Python [82384]: 64-bit    Footprint: 37 GB (16384 bytes per page)
2026-07-19T22:40:34Z	Python [82384]: 64-bit    Footprint: 42 GB (16384 bytes per page)
2026-07-19T22:41:06Z	Python [82384]: 64-bit    Footprint: 64 GB (16384 bytes per page)
2026-07-19T22:41:44Z	Python [82384]: 64-bit    Footprint: 52 GB (16384 bytes per page)
2026-07-19T22:42:15Z	Python [82384]: 64-bit    Footprint: 29 GB (16384 bytes per page)
2026-07-19T22:42:58Z	Python [82384]: 64-bit    Footprint: 90 GB (16384 bytes per page)
2026-07-19T22:43:34Z	Python [82384]: 64-bit    Footprint: 79 GB (16384 bytes per page)
2026-07-19T22:44:05Z	Python [82384]: 64-bit    Footprint: 72 GB (16384 bytes per page)
2026-07-19T22:44:36Z	Python [82384]: 64-bit    Footprint: 65 GB (16384 bytes per page)
2026-07-19T22:45:06Z	Python [82384]: 64-bit    Footprint: 58 GB (16384 bytes per page)
2026-07-19T22:45:37Z	Python [82384]: 64-bit    Footprint: 48 GB (16384 bytes per page)
2026-07-19T22:46:09Z	Python [82384]: 64-bit    Footprint: 44 GB (16384 bytes per page)
2026-07-19T22:46:39Z	Python [82384]: 64-bit    Footprint: 53 GB (16384 bytes per page)
2026-07-19T22:47:10Z	Python [82384]: 64-bit    Footprint: 42 GB (16384 bytes per page)
2026-07-19T22:47:40Z	Python [82384]: 64-bit    Footprint: 64 GB (16384 bytes per page)
2026-07-19T22:48:11Z	Python [82384]: 64-bit    Footprint: 57 GB (16384 bytes per page)
2026-07-19T22:48:42Z	Python [82384]: 64-bit    Footprint: 49 GB (16384 bytes per page)
2026-07-19T22:49:12Z	Python [82384]: 64-bit    Footprint: 40 GB (16384 bytes per page)
2026-07-19T22:49:43Z	Python [82384]: 64-bit    Footprint: 38 GB (16384 bytes per page)
2026-07-19T22:50:13Z	Python [82384]: 64-bit    Footprint: 63 GB (16384 bytes per page)
2026-07-19T22:50:45Z	Python [82384]: 64-bit    Footprint: 52 GB (16384 bytes per page)
2026-07-19T22:51:15Z	Python [82384]: 64-bit    Footprint: 23 GB (16384 bytes per page)
2026-07-19T22:51:47Z	Python [82384]: 64-bit    Footprint: 33 GB (16384 bytes per page)
2026-07-19T22:52:18Z	Python [82384]: 64-bit    Footprint: 40 GB (16384 bytes per page)
2026-07-19T22:52:48Z	Python [82384]: 64-bit    Footprint: 41 GB (16384 bytes per page)
2026-07-19T22:53:19Z	Python [82384]: 64-bit    Footprint: 36 GB (16384 bytes per page)
2026-07-19T22:53:49Z	Python [82384]: 64-bit    Footprint: 40 GB (16384 bytes per page)
2026-07-19T22:54:19Z	Python [82384]: 64-bit    Footprint: 39 GB (16384 bytes per page)
2026-07-19T22:54:49Z	Python [82384]: 64-bit    Footprint: 43 GB (16384 bytes per page)
2026-07-19T22:55:21Z	Python [82384]: 64-bit    Footprint: 50 GB (16384 bytes per page)
2026-07-19T22:55:51Z	Python [82384]: 64-bit    Footprint: 25 GB (16384 bytes per page)
2026-07-19T22:56:22Z	Python [82384]: 64-bit    Footprint: 54 GB (16384 bytes per page)
2026-07-19T22:56:52Z	Python [82384]: 64-bit    Footprint: 29 GB (16384 bytes per page)
2026-07-19T22:57:23Z	Python [82384]: 64-bit    Footprint: 37 GB (16384 bytes per page)
2026-07-19T22:57:53Z	Python [82384]: 64-bit    Footprint: 27 GB (16384 bytes per page)
2026-07-19T22:58:24Z	Python [82384]: 64-bit    Footprint: 32 GB (16384 bytes per page)
2026-07-19T22:58:54Z	Python [82384]: 64-bit    Footprint: 29 GB (16384 bytes per page)
2026-07-19T22:59:24Z	Python [82384]: 64-bit    Footprint: 46 GB (16384 bytes per page)
2026-07-19T22:59:56Z	Python [82384]: 64-bit    Footprint: 61 GB (16384 bytes per page)
2026-07-19T23:00:27Z	Python [82384]: 64-bit    Footprint: 46 GB (16384 bytes per page)
2026-07-19T23:00:58Z	Python [82384]: 64-bit    Footprint: 24 GB (16384 bytes per page)
2026-07-19T23:01:28Z	Python [82384]: 64-bit    Footprint: 41 GB (16384 bytes per page)
2026-07-19T23:01:59Z	Python [82384]: 64-bit    Footprint: 29 GB (16384 bytes per page)
2026-07-19T23:02:29Z	Python [82384]: 64-bit    Footprint: 54 GB (16384 bytes per page)
2026-07-19T23:03:00Z	Python [82384]: 64-bit    Footprint: 38 GB (16384 bytes per page)
2026-07-19T23:03:30Z	Python [82384]: 64-bit    Footprint: 32 GB (16384 bytes per page)
2026-07-19T23:04:01Z	Python [82384]: 64-bit    Footprint: 53 GB (16384 bytes per page)
2026-07-19T23:04:32Z	Python [82384]: 64-bit    Footprint: 30 GB (16384 bytes per page)
2026-07-19T23:05:02Z	Python [82384]: 64-bit    Footprint: 25 GB (16384 bytes per page)
2026-07-19T23:05:33Z	Python [82384]: 64-bit    Footprint: 39 GB (16384 bytes per page)
2026-07-19T23:06:13Z	Python [82384]: 64-bit    Footprint: 69 GB (16384 bytes per page)
2026-07-19T23:06:50Z	Python [82384]: 64-bit    Footprint: 62 GB (16384 bytes per page)
2026-07-19T23:07:20Z	Python [82384]: 64-bit    Footprint: 55 GB (16384 bytes per page)
2026-07-19T23:07:51Z	Python [82384]: 64-bit    Footprint: 40 GB (16384 bytes per page)
2026-07-19T23:08:22Z	Python [82384]: 64-bit    Footprint: 29 GB (16384 bytes per page)
2026-07-19T23:08:52Z	Python [82384]: 64-bit    Footprint: 30 GB (16384 bytes per page)
2026-07-19T23:09:22Z	Python [82384]: 64-bit    Footprint: 61 GB (16384 bytes per page)
2026-07-19T23:09:53Z	Python [82384]: 64-bit    Footprint: 53 GB (16384 bytes per page)
2026-07-19T23:10:23Z	Python [82384]: 64-bit    Footprint: 26 GB (16384 bytes per page)
2026-07-19T23:10:54Z	Python [82384]: 64-bit    Footprint: 39 GB (16384 bytes per page)
2026-07-19T23:11:24Z	Python [82384]: 64-bit    Footprint: 51 GB (16384 bytes per page)
2026-07-19T23:11:55Z	Python [82384]: 64-bit    Footprint: 38 GB (16384 bytes per page)
2026-07-19T23:12:25Z	Python [82384]: 64-bit    Footprint: 30 GB (16384 bytes per page)
2026-07-19T23:12:56Z	Python [82384]: 64-bit    Footprint: 46 GB (16384 bytes per page)
2026-07-19T23:13:32Z	Python [82384]: 64-bit    Footprint: 36 GB (16384 bytes per page)
2026-07-19T23:14:03Z	Python [82384]: 64-bit    Footprint: 47 GB (16384 bytes per page)
2026-07-19T23:14:37Z	Python [82384]: 64-bit    Footprint: 74 GB (16384 bytes per page)
2026-07-19T23:15:25Z	Python [82384]: 64-bit    Footprint: 63 GB (16384 bytes per page)
2026-07-19T23:15:55Z	Python [82384]: 64-bit    Footprint: 56 GB (16384 bytes per page)
2026-07-19T23:16:26Z	Python [82384]: 64-bit    Footprint: 42 GB (16384 bytes per page)
2026-07-19T23:16:57Z	Python [82384]: 64-bit    Footprint: 32 GB (16384 bytes per page)
2026-07-19T23:17:28Z	Python [82384]: 64-bit    Footprint: 33 GB (16384 bytes per page)
2026-07-19T23:17:59Z	Python [82384]: 64-bit    Footprint: 63 GB (16384 bytes per page)
2026-07-19T23:18:31Z	Python [82384]: 64-bit    Footprint: 55 GB (16384 bytes per page)
2026-07-19T23:19:02Z	Python [82384]: 64-bit    Footprint: 41 GB (16384 bytes per page)
2026-07-19T23:19:32Z	Python [82384]: 64-bit    Footprint: 32 GB (16384 bytes per page)
2026-07-19T23:20:02Z	Python [82384]: 64-bit    Footprint: 36 GB (16384 bytes per page)
2026-07-19T23:20:33Z	Python [82384]: 64-bit    Footprint: 66 GB (16384 bytes per page)
2026-07-19T23:21:05Z	Python [82384]: 64-bit    Footprint: 55 GB (16384 bytes per page)
2026-07-19T23:21:36Z	Python [82384]: 64-bit    Footprint: 41 GB (16384 bytes per page)
2026-07-19T23:22:06Z	Python [82384]: 64-bit    Footprint: 19 GB (16384 bytes per page)
2026-07-19T23:22:37Z	Python [82384]: 64-bit    Footprint: 58 GB (16384 bytes per page)
2026-07-19T23:23:09Z	Python [82384]: 64-bit    Footprint: 24 GB (16384 bytes per page)
2026-07-19T23:23:40Z	Python [82384]: 64-bit    Footprint: 22 GB (16384 bytes per page)
2026-07-19T23:24:10Z	Python [82384]: 64-bit    Footprint: 23 GB (16384 bytes per page)
2026-07-19T23:24:40Z	Python [82384]: 64-bit    Footprint: 41 GB (16384 bytes per page)
2026-07-19T23:25:11Z	Python [82384]: 64-bit    Footprint: 55 GB (16384 bytes per page)
2026-07-19T23:25:44Z	Python [82384]: 64-bit    Footprint: 29 GB (16384 bytes per page)
2026-07-19T23:26:14Z	Python [82384]: 64-bit    Footprint: 42 GB (16384 bytes per page)
2026-07-19T23:26:45Z	Python [82384]: 64-bit    Footprint: 52 GB (16384 bytes per page)
2026-07-19T23:27:17Z	Python [82384]: 64-bit    Footprint: 36 GB (16384 bytes per page)
2026-07-19T23:27:47Z	Python [82384]: 64-bit    Footprint: 32 GB (16384 bytes per page)
2026-07-19T23:28:18Z	Python [82384]: 64-bit    Footprint: 53 GB (16384 bytes per page)
2026-07-19T23:28:48Z	Python [82384]: 64-bit    Footprint: 52 GB (16384 bytes per page)
2026-07-19T23:29:18Z	Python [82384]: 64-bit    Footprint: 44 GB (16384 bytes per page)
2026-07-19T23:29:49Z	Python [82384]: 64-bit    Footprint: 30 GB (16384 bytes per page)
2026-07-19T23:30:20Z	Python [82384]: 64-bit    Footprint: 21 GB (16384 bytes per page)
2026-07-19T23:30:50Z	Python [82384]: 64-bit    Footprint: 52 GB (16384 bytes per page)
2026-07-19T23:31:21Z	Python [82384]: 64-bit    Footprint: 22 GB (16384 bytes per page)
